"name","genre","menu","address","phone","update"
"シチリア料理　クッカーニャ　（イタリアン）","イタリアン","◆テイクアウト
・シチリアランチBOX（日替わり）　￥1300

※電話による注文予約可
※テイクアウトは11：30～16：00でご利用いただけます。
※当面の間ディナーはご予約があれば営業致します。","大阪府豊中市寺内1-5-7 メゾン緑地1F","06-6867-0830","2020/04/09"
"黒毛和牛焼肉 韓国家庭料理 こだわり亭　（焼肉／韓国料理）","焼肉／韓国料理","◆テイクアウト
・キムチ盛り(￥594)
・和牛ハラミ(￥961)
・サムゲタンハーフ(￥1501)

※予約が必須
※ドリンク以外の全メニューテイクアウトできます！
※一部メニューは、お鍋などの持参をお願いいたします。
※気軽にお電話下さい^ ^","大阪府豊中市寺内2丁目10-8 緑地八番館ビル1F","06-6862-8686","2020/04/11"
"ピッツェリア ダ マリオ　（ナポリピッツァ専門店）","ナポリピッツァ専門店","◆テイクアウト
・マルゲリータ(￥980)
・カプリチョーザ(￥1480)
・クワトロフォルマッジ(￥1580)
※価格は税込み

※電話による注文予約可
※ピッツァメニューは20種類以上ご用意しています。
※緊急事態宣言中は、営業時間を短縮しています。　
※昼の部11:30～14:00　夜の部17:30～20:00
※事前にご予約頂くとスムーズにお渡し出来ます。","大阪府豊中市寺内2-2-22","06-4866-6522","2020/04/19"
"三田屋本店豊中　（ステーキ）","ステーキ","◆テイクアウト　※価格は税込み
・笑家弁当(￥3024)
・オードブルセット(￥2160)
・ハラミステーキ弁当(￥2160)

※電話による注文予約可
※事前にご予約いただくとスムーズにお渡しできます。","大阪府豊中市西泉丘3-8-12","06-6867-6780","2020/05/02"
"讃岐製麺(豊中夕日丘店）　　（和食）","和食","◆テイクアウト　※価格は税別
・海老天丼(￥380)
・鶏玉天丼(￥380)
・カレー丼(￥340)

※電話による注文予約可
","大阪府豊中市夕日丘１丁目２－１７","06-6850-3961","2020/05/02"
"手包み餃子と中華キッチンひげ　（中華）","中華","◆テイクアウト
・焼き餃子2人前14個 (￥540)
・餃子弁当 (￥750)
・中華惣菜いろいろ (￥550～￥850)
","大阪府豊中市東泉丘2-6-26","090-8120-1344","2020/04/06"
"Makers+ cafe　（カフェ）","カフェ","◆テイクアウト　※価格は税込み
・シェフの気まぐれハンバーガー(ポテト付き) テイクアウトさらに応援価格(￥864）　　定番ドリンクセット￥１，０８０
・スパイスチキンカレー(￥810）
・グリーンカレー(￥810)
・餡ソフト(￥648)
・餡ミルク(￥648)
・各種パン(￥248～)
※トヨナカモナカ(餡と最中のセット)もテイクアウトでご用意しております。

※電話による注文予約可
※テイクアウトに対応できないメニューもございます。","大阪府豊中市東豊中町5-39-8","06-6836-9100","2020/04/20"
"中国鮮家響鈴　（中国料理）","中国料理","◆テイクアウト
・カニ焼売(￥200)
・カニとレタスのチャーハン(￥1000)
・黒酢酢豚弁当(￥1200)

※テイクアウトはその他のメニューもたくさんご用意しております。
※事前にご予約頂くとスムーズにお渡し出来ます。
","大阪府豊中市新千里南町3－1－24 桃山台グリーンピア1階","06-6832-2888","2020/04/18"
"からあげ専門店FUJI 千里桃山台店（からあげ／カレー／バーガー）","からあげ／カレー／バーガー","◆テイクアウト
・モモからあげ(￥270)
・ムネからあげ(￥216)
・チキンバーガー(￥496)(土、日)

※電話による注文予約可
※出前館対応可
","大阪府豊中市新千里南町2-5-16","","2020/04/12"
"La cuisine francaise KAMIKAWA　（フレンチ）","フレンチ","◆テイクアウト　 （価格はすべて税別）
・パテドカンパーニュ(￥1480)
・お魚料理 (S￥2340 M￥3900)
・骨付きラムロースト(S￥2300 M￥4240)

※予約必須
※電話でのご予約をうけて、お作り致しますので、お早めのご予約をお願い致します。（前日のご予約をいただけたら、幸いです）
※いつものテイクアウト料理と別に週替わりのテイクアウト料理を作りお客様があきないように、心がけていきます。
※店内の御飲食も、前日の予約制です。
※ご予約入り次第、仕込みを致します。","大阪府豊中市新千里南町3-1-14 ナカニシビル","06-6319-9187","2020/04/13"
"札幌すし　　（和食(すし)）","すし)","◆テイクアウト
・にぎりすし　一人前(￥1440)
・穴子箱すし 一本(￥1260)
・巻きすし 一本(￥460)

※予約必須
※デリバリー可
※お電話にてご予約承ります。
※他のメニュー、配達範囲についてはお気軽にお電話下さい。","大阪府豊中市東豊中町6丁目12-20-1 シャレール東豊中店舗","","2020/04/15"
"大阪王将豊中熊野店　　（中華）","中華","◆テイクアウト
・餃子弁当(￥756)
・唐揚げ弁当(￥648）　他にもテイクアウトメニュー多数ございます。

※電話による注文予約可
※餃子のみ箱代が必要です。","大阪府豊中市熊野町2-9-58","06-4865-5210","2020/05/04"
"kOREAN DAINING 石鍋KOH　（韓国料理）","韓国料理","◆テイクアウト
・石鍋おうち飲みセット(￥4378)
[石鍋２人前材料、蒸し豚、ナムル盛合せ、トッポキ、キムチ、チャムイスルボトル]
・スントゥブセット(￥1309)
・プルコギ弁当(￥869)

※電話による注文予約可
※デリバリー可
※ご注文後にお作り致しますのでお電話頂ければスムーズです。
※その他店内メニューもテイクアウトできます。","大阪府豊中市上新田4-16-10","06-6872-5128","2020/04/22"
"おた福　豊中千里店　（和食）","和食","◆テイクアウト
・おた福天丼弁当(￥810)
・海老野菜天丼弁当(￥702)
・海鮮天丼弁当(￥918)

※電話による注文予約可
","大阪府豊中市新千里南町2-5-3","06-6872-1102","2020/04/26"
"金比羅製麺　豊中千里店　（和食）","和食","◆テイクアウト
・きつねうどん（￥410)
・とろ玉うどん(￥453)
・ぶっかけうどん(￥302)

※電話による注文予約可
","大阪府豊中市新千里南町2-5-3","06-6832-2202","2020/04/26"
"とんがらし ツバメ食堂　（和食 洋食）","和食 洋食","◆テイクアウト
・日替わり弁当(￥1000)
・ハンバーグ弁当(￥1200)
・お惣菜(￥450)

※電話による注文予約可
","大阪府豊中市東豊中町 5丁目12-1","06-6846-0740","2020/05/08"
"味処  和  かず　（和食）","和食","◆テイクアウト
・海鮮丼(￥1620)
・鰻 丼(￥1490)
・にぎり盛(￥1300～)

※電話による注文予約可
※魚の美味しいお店です。作り置きはしてません。
※ご注文頂いてから作りますので少しお時間頂く場合がございます。
※他のTAKEOUTメニューもございます。お気軽にお尋ねください。","大阪府豊中市新千里西町3-2-12","06-6872-5244","2020/04/28"
"ソルビバ＆タジマヤ　（オーガニック鉄板焼き）","オーガニック鉄板焼き","◆テイクアウト
・但馬牛とイベリコ豚のプラチナハンバーグ弁当(￥1000)
・国産黒毛和牛のステーキ弁当(￥2500)
・特製ローストビーフ丼　温玉を添えて(￥1200)

※電話による注文予約可
※デリバリー可。【配達エリア】千里中央駅近隣。お気軽にご相談ください。
※出前館対応可
","大阪府豊中市新千里東町1丁目3番 せんちゅうパル4階","06-6831-1028","2020/05/09"
"バール イルコンチェルト　（イタリアンバール）","イタリアンバール","◆テイクアウト
・ロコモコ弁当(￥600)
・グリルチキン弁当(￥750)
・パエリア弁当(￥1200)
・家飲みバルセット(￥1280）
※弁当は前日迄にご予約お願い致します！
※予約必須
※他にも多数テイクアウト出来ます。
※当店レギュラーメニューのテイクアウトは全て20%OFF!!
※ご注文頂いてから調理致しますので、事前にご予約いただくとスムースにお渡し出来ます。
※お電話か http://instagram.com/il_concerto?utm_source=qr でもご予約頂けます。","大阪府豊中市新千里東町1-3-54 せんちゅうパル地下１階","06-6832-9503","2020/04/20"
"野菜とつぶつぶ アプサラカフェ LABI千里中央店（自然食カフェ）","自然食カフェ","◆テイクアウト
・アプサラ弁当(￥850)
・カレー弁当(￥750)
・アジアの気まぐれ弁当(￥670)
※容器持参で50円引き

※電話による注文予約可
※千里中央エリア(新千里東町1丁目）のみの宅配を準備中。エリア内の方はお問い合わせください","大阪府豊中市新千里東町1-2-20 LABI千里　４F","06-6836-5980","2020/04/28"
"ソルビバベーカリー　（ベーカリー）","ベーカリー","◆テイクアウト
・但馬屋ステーキコロッケ(￥194)
・但馬屋メンチカツ(￥237)
・但馬屋メンチカツバーガー(￥356)

※電話による注文予約可
※デリバリーあり
","大阪府豊中市新千里東町1丁目3番 せんちゅうパル2階","06-6318-6511","2020/04/20"
"おでん居酒屋きたはま　（和食）","和食","◆テイクアウト
・おでん100円～(税抜)
※その他メニューはお問い合わせ下さい。

※箱代別途
※電話による注文予約可
※テイクアウトに向いてないおでんの具もございます。
※定番居酒屋メニュー、季節の一品物お持ち帰りも対応しております。
※お気軽にお問い合わせ下さい。近日酒類の販売も開始致します。","大阪府豊中市新千里東町 1-3-53せんちゅうぱるB1","06-6832-9502","2020/04/21"
"焼鳥だいご　（焼鳥）","焼鳥","◆テイクアウト
・とり身串(￥120)
・手羽唐(￥500)
・ひねもも肉「ポン酢、柚子胡椒、塩コショウ」(￥600)

※お電話で��予約ください。
","大阪府豊中市新千里東町1-3-11 せんちゅうパル1階","06-6832-0077","2020/04/22"
"千里しゃぶちん本店　（一人鍋しゃぶしゃぶ専門店）","一人鍋しゃぶしゃぶ専門店","◆テイクアウト
・テイクアウトセットが２０％OFFで２０００円から
　｢季節のお野菜15種類＋お好みのお肉（未経産雌の和牛ロース、カタロース、白金豚、やんばる島豚）＋48年変わらぬ製法のごまタレ、ポンズ＋切りたて薬味ねぎ＋青森ニンニク薬味｣

※テイクアウトセットはご予約制になっております。
ご予約専用ダイヤル tel:0668329508 までご注文お待ちしております。","大阪府豊中市新千里東町１－３－５９ せんちゅうパル地下一階","06-6832-9508","2020/04/24"
"金比羅製麺　豊中北緑丘店　（和食）","和食","◆テイクアウト
・きつねうどん(￥410)
・とろ玉うどん(￥453)
・ぶっかけうどん(￥302)

※電話による注文予約可
","大阪府豊中市北緑丘2-8-6","06-6855-5612","2020/04/26"
"IPPO 千里中央店　（和食）","和食","◆テイクアウト
・もつ鍋(￥1800)
・唐揚げ油淋鶏弁当(￥600)他　各種弁当(￥600)

※電話による注文予約可
※宅配は近隣可能。ご予約時にお問い合わせください。","大阪府豊中市新千里東町 せんちゅうぱるB1F","06-6155-4943","2020/04/28"
"鉄板焼きれすとらん中はら　（ステーキハウス）","ステーキハウス","◆テイクアウト
・ステーキ弁当(￥1620）
・ステーキ弁当(￥2376）
・国産牛ヒレ又はサーロインステーキ弁当(￥3456)

※予約必須
","大阪府豊中市上新田2丁目15-5 千里サンハイツ２F","06-6832-2480","2020/05/02"
"CAFE STEEN　（カフェ）","カフェ","◆テイクアウト
・カシミールカレー(￥750)
・キッズカレー(￥300)
・焼きドーナツ(￥180～)

※予約が必須
※現在テイクアウトのみの営業です。
","大阪府豊中市新千里北町2-20-14-105 セクレア新千里北町","06-6170-7698","2020/05/08"
"スンドゥブ専門店KAM　（韓国料理）","韓国料理","◆テイクアウト
・海鮮スンドゥブ　850円
※お家でも、KAMのスンドゥブを楽しめます！
","大阪府豊中市上野西3-17-18","06-6852-0110","2020/04/07"
"Basic珈琲　（珈琲屋)","珈琲屋","◆テイクアウト
・ネルドリップ珈琲(ホット・アイス)　￥410～
・ドリップバッグ5個セット(￥700)
・珈琲豆（￥580～/100g)

※電話による注文予約可
※合計金額1,000円以上で指定駐車場1時間分キャッシュバックします
※ネット通販もございます　 https://basiccoffee.thebase.in/ ","大阪府豊中市西緑丘3-13-1 シンミ西緑丘ビル1階","","2020/04/08"
"AT THE 21　（お好み焼き）","お好み焼き","◆テイクアウト
・お好み焼きブタ(￥950)
・焼きそばブタ(￥950)
・モダン焼き(￥1300)

※電話による注文予約可
※自粛要請期間中営業時間を縮小する場合もございますので
　予めご了承ください。

","大阪府豊中市上野東3-18-19","06-6848-3660","2020/04/08"
"チャイナダイニン　浪曼路　（中華）","中華","◆宅配弁当
・カジュアルランチBOX（￥648～）
・中華弁当(￥1080～)
・睡蓮(￥2160）

※電話注文によるデリバリー
詳細はこちらで　 https://www.re-life.jp/information/1139/ ","大阪府豊中市桜の町7-10-4","06-6858-6223","2020/04/09"
"和菓子処　喜楽　（和菓子）","和菓子","◆テイクアウト
・どら焼き(￥180)
・イチゴ大福(￥220)
・柏餅(￥180)　　　他

※電話による注文予約可
","大阪府豊中市西緑丘3－13－12","06-6335-4313","2020/04/10"
"薬膳スープカレー香樹　　（スープカレー・カフェ）","スープカレー・カフェ","◆テイクアウト
・野菜とチキンのスープカレー(￥1100)
・トマトとナスとポークのスープカレー(￥1200)
・ニラと親鶏のスープカレー(￥1200)

※電話による注文予約可
※テイクアウトに対応できないメニューがあります。お問い合わせください。
","大阪府豊中市少路2-9-18　1F","06-4865-5258","2020/04/10"
"ステーキハウス神楽　豊中店　（鉄板焼き）","鉄板焼き","◆テイクアウト
・カツサンド(￥1300)
・サーロインステーキ丼(￥1500)
・ローストビーフ丼(￥1500)

※電話による注文予約可
","大阪府豊中市少路2-8-13","06-6850-2983","2020/04/10"
"アランチーノ大阪　　（イタリアン）","イタリアン","◆テイクアウト
・魚介類のトマトソース スパゲティ（￥2,333)
・黒トビコとカラマリの漁師風あっさりスパゲッティ(￥1,555)
・生ハムとルッコラのピッツァ　26cm(￥1,728)

※予約必須
※アランチーノをテイクアウト特別価格、通常商品代金の20％OFFの価格で、ご自宅にてお楽しみ頂けます。
※ご注文より、商品調理時間として30分程お時間を頂いております。
※混み合いました場合、ご注文より30分以上お時間を頂く場合がございます。
※一部対応していない商品も御座いますので、詳しくは http://arancino-japan.com/ を参照下さい。
","大阪府豊中市向丘1-7-5","06-6845-0550","2020/04/12"
"Bakery&Cafe Dining RACCOLTA　（カフェ）","カフェ","◆テイクアウト
・焼きチーズドッグ(￥490)
・ローストポークと有機野菜のライスプレート(￥830)
・スパイシーキーマカレー(￥830)
※箱代別途
※電話による注文予約可
","大阪府豊中市西緑丘3-26-23","06-6840-7772","2020/04/15"
"鳥処　やどりぎ　（鶏料理）","鶏料理","◆テイクアウト
・唐揚げ弁当(￥650)
・特製親子丼(￥700)
・まかない炒飯(￥600)

※電話による注文予約可
※時間短縮要請期間中の営業時間、営業内容です。","大阪府豊中市上野東3-17-30","06-7174-1782","2020/04/15"
"Dining IKINA　（創作ダイニング）","創作ダイニング","◆テイクアウト
・日替わり「IKINA弁当箱」（￥1200)　
※電話による注文予約可
※前日21:00までのご予約→当日12:00～17:00でのお引き取り
※店頭販売も御座います","大阪府豊中市西緑丘3-13-1 シンミ西緑丘ビルB1","06-6845-1213","2020/04/19"
"カフェ＆レストランみうらんど　（イタリアン）","イタリアン","◆テイクアウト
・塩バター角食(￥313)
・カレーパン(￥205)
・シナモンロール(￥205)

※電話による注文予約可
","大阪府豊中市上野西3丁目13-15","06-6848-0300","2020/04/18"
"gite　（ビストロ）","ビストロ","◆テイクアウト
・白金豚の煮豚カツサンド弁当(￥1200)
・gite特製日替わり弁当(￥1000)
・煮込みハンバーグなど色々あります。お電話でお問い合わせください。

※電話による注文予約可
※お待たせする場合がありますので、事前予約がおすすめです。
※現金のみでお願いします。
※ケーキも可","大阪府豊中市西緑丘3-13-3 ヴェルデ緑丘101","06-6858-1310","2020/04/20"
"オリエンタルキッチン　タータンナディ　（アジア料理）","アジア料理","◆テイクアウト
・タータンナディランチ(￥1100)
・バターチキンカレーランチセット(￥1300円)
・チーズナン(￥480)

※価格は税別です。
※電話による注文予約可
※一部テイクアウトが出来ない商品がございます。
※お気軽にお問い合わせください。
※メニューは、 https://tartannady-blog.com/ よりご覧いただけます。","大阪府豊中市向丘3－11－45 ローザ向丘1F","06-6852-0950","2020/04/21"
"テジャクッチーナ　（イタリアンバル）","イタリアンバル","◆テイクアウト
・ランチ　自家製ハンバーグ弁当(￥700)
・ディナー　野菜たっぷり生ハムのペペロンチーノ　S(￥1300)M(￥1700)

※電話による注文予約可
","大阪府豊中市少路1-10-27 サンプラザ少路1Ｆ","06-4866-5977","2020/04/23"
"かごの屋　豊中少路店　（和食）","和食","◆テイクアウト
・炙り鶏の親子丼(￥600)
・豚フィレかつ丼(￥700)
・豚の生姜焼き定食(￥750)

※電話による注文予約可
※テイクアウトお支払いは現金のみ","大阪府豊中市少路1-1-38","06-6840-8511","2020/04/28"
"島熊山グラーヴ　（日本料理・ステーキハウス・洋食）","日本料理・ステーキハウス・洋食","◆テイクアウト
・30品目の和食お弁当(￥1620)
・平目のフライお弁当(￥972)

※電話による注文予約可
※30品目の和食お弁当はお造りが入ってるのでお召し上がり直前にお持ち帰りください。
※その他アラカルトのテイクアウトもございます。店頭メニューでどうぞ。","大阪府豊中市緑丘１－２５－５","06-6848-1256","2020/05/02"
"イタリア酒BAR ドロップイン　（パスタバル）","パスタバル","◆テイクアウトメニュー
・ベーコンガーリックペペロンチーノ(￥700)
・ウィンナーとベーコンのペペロンチーノ(￥800)
・お肉たっぷりミートソースパスタ(￥850)
・カットステーキとミニカツBENTO(￥1000)
　他メニューは https://www.facebook.com/italysakabardropin/ でご確認下さい。

※電話による注文予約可
※ご注文後にお作りしますので事前にお電話でご予約下さい。","大阪府豊中市春日町1-1-5","06-6852-3767","2020/04/28"
"パン工房　リタブランジェ　（パン&カフェ）","パン&カフェ","◆テイクアウト
・本日のリタライス（￥700)
・四元豚ミラノ風チーズカツレツ(￥900
・サービスパンセット(￥500(実質￥700以上))

※予約が必須
※デリバリーあり
※デラバリーには事前予約が必要ですので、 https://litalita.net/ をチェックしてください。","大阪府豊中市待兼山町1ー26 バンプーシェーン","06-4867-3305","2020/04/18"
"南ばん亭　（ラーメン）","ラーメン","◆テイクアウト
・白らーめんおうちセット(￥400)
・焼き飯(￥500)
・焼きそば(￥600)

※別途容器代がかかります。
※電話による注文予約可
※デリバリー有
※Uber Eats対応可","大阪府豊中市桜の町2-2-5","06-6853-8300","2020/04/21"
"ステーキのどん　中環柴原店　（ステーキ　ハンバーグ）","ステーキ　ハンバーグ","◆テイクアウト
・どんハンバーグ(￥842)
・チーズインハンバーグ(￥950)
・カットステーキS(￥1490)

※電話による注文予約可
※テイクアウト１０％割引実施中定休日なし","大阪府豊中市刀根山元町5-50","06-6857-2992","2020/04/29"
"やきとり福福　（居酒屋）","居酒屋","◆テイクアウト
・日替りやきとり丼(￥650)（お昼）
・やきとり串(￥140均一)
・唐揚げ(￥432)

※電話予約必須
※商品が出来上がる5分前に、当店からお電話をおかけします。
※一部、テイクアウトに対応できない商品があります。
※詳しくは、お電話でお尋ね下さい。","大阪府豊中市春日町5-6-6","06-6845-9891","2020/04/18"
"太鼓亭　豊中春日店　（和食）","和食","◆テイクアウト
・肉カレーうどん(￥885)
・特製鍋焼きうどん(￥756)
・カツ丼(￥734)

※電話による注文予約可
","大阪府豊中市春日町5-9-18","06-6843-2777","2020/04/26"
"おいで屋　（粉物）","粉物","◆テイクアウト
・たこ焼き（6個入）(￥320）
・ぶた玉（￥450）
・焼きそば(￥350)

※電話による注文予約可
※お昼12時頃は、注文が重なる場合もあります。
※その場合はお待たせ30分～45分ぐらいかかります。","大阪府豊中市春日町3-1-50 シャトル松尾102号室","06-4865-6102","2020/05/03"
"割烹cob　（塩おでんと和食）","塩おでんと和食","◆テイクアウト
・おかず盛り合わせ 一人前 (￥800)
・塩おでん 各種（￥250～)
・逸品いろいろ

※電話予約必須
※メニューの詳細は随時Instagram又はFacebook（@割烹cob）で更新中です。","大阪府豊中市待兼山町21-5 ハイツ石橋1F","06-6398-7255","2020/05/09"
"The LOAF Cafe　（ベーカリーレストラン）","ベーカリーレストラン","◆テイクアウト
・日替わりBOX(￥500)
・フリットBOX(￥650)
・ハンバーグBOX(￥800)

※電話による注文予約可
※作り置きはせず、ご注文を頂いてからお作りしています。
※お時間を頂く場合がございますので、ご了承お願い致します。","大阪府豊中市清風荘2-4-23","06-6842-2217","2020/05/02"
"Joy‘s cafe（カフェ）","カフェ","◆お弁当
・日替わりランチ弁当(ご飯付き)800円
・おかずのみ弁当(ご飯無し)650円
・韓国風海苔巻き450円
","大阪府豊中市蛍池東町2-1-3武岡ビル1階","06-6848-4000","2020/04/07"
"ありすキッチンれすとらん（家庭料理）","家庭料理","◆テイクアウト弁当
・ランチボックス弁当(700円)
・おにぎり弁当(550円)
・幕の内(1,300円)　その他ご相談ください

","大阪府豊中市螢池東町２丁目４−５","06-6151-3016","2020/05/04"
"Da Kitchen HAWAIKI　（カフェ）","カフェ","◆テイクアウト
・ロコモコBENTO（昼 ￥800/夜・土日祝 ￥1000)
・ガーリックシュリンプBENTO（昼￥800/夜・土日祝 ￥1000)
・ハワイアンピザorゴルゴンゾーラと蜂蜜のピザ(￥1000)※終日

※電話による注文予約必須
※営業時間、メニュー等変更になる場合がございますので必ずお電話にてご確認ください。
※メニューについてはFBにも掲載しております。→ https://www.facebook.com/permalink.php?story_fbid=943054046114062&amp;id=100012284256971 ","大阪府豊中市蛍池東町2-3-9 HAWAIKI","06-7662-2033","2020/04/10"
"grand star cafe　（カフェ)","カフェ","◆テイクアウト
・ロコモコセット(￥770)・気まぐれセット(￥770)・お子様プレート(￥500)
・タピオカ各種(￥450～)・ドリンク各種(アイスのみ)（￥450～)
・からあげ(￥500)

※おかずのみも持ち帰り可
※電話による注文予約可
※Uber Eats可
※お電話・InstagramのDM・直接来店にて注文承っております。
※数量が多い場合は事前にご連絡下さい。","大阪府豊中市蛍池中町3-8-14 田中ビル一階","06-7220-6439","2020/04/09"
"コンテンタ　　（スペイン料理）","スペイン料理","◆テイクアウト
・タパス盛り合わせ(￥500円～)
・鴨もも肉のコンフィタード(￥1830)
・パスタパエリア(￥1300)

※電話による注文予約可
※ご注文を受けてからお作りしますので、余裕を持ってお越しください。
※ご予約いただければ営業時間外のお渡しも可能です。","大阪府豊中市蛍池東町2-7-2 プレステージ蛍池101","06-6841-1656","2020/05/09"
"ヴィジェイジャムナ　（インド料理）","インド料理","◆テイクアウト
・プレーンナンset(￥900)[&nbsp;ナン、カリ－２種、サラダ]
・チーズナンset(￥1300）
　[チーズナン,カリ－２種,サラダ, タンドリーチキン,ライス]
・ベジタブルset(￥1200)
　[ベジタブルナン,カリ－２種, サモサ,サラダ,ライス]

※デイナータイムは、プラス200円になります。
※電話による注文予約可
※店頭でご注文頂く場合は、10分ほどお待ちいただきます。
※その他、ご相談に応じます。
※三千円以上のご注文で、配達いたします。
※配達地域、状況によっては、行けない場合もあります。御了承下さい。
","大阪府豊中市蛍池東町１丁目６－２","06-6852-7555","2020/04/14"
"いなり寿司　ななや　（和食）","和食","◆テイクアウト
・いなり寿司各種(￥120～￥240)
・こどもセット(￥600)
・鯛の昆布締め(￥1000)

※電話による注文予約可
※ご予約をいただければ営業時間前のお渡しも可能です。
※事前にお電話いただきますとお待たせいたしません。
※メニュー以外にも期間限定商品などご用意しております。
※お気軽にお問い合わせください。","大阪府豊中市蛍池中町2-3-1 ルシオーレ","06-6843-7878","2020/04/15"
"餃子専門店　龍の餃子　（中華）","中華","◆テイクアウト
・焼き餃子（定番）(￥300)
・シャカシャカフライド餃子(￥380)
・豚トロ餃子(￥490)

※電話による注文予約可
※今後Uber Eatsｄの配達を検討中","大阪府豊中市蛍池東町2-6-6 蛍池サンビル1F","06-6846-9030","2020/04/15"
"旬に居酒屋　心芽　（和食）","和食","◆テイクアウト
・日替り晩酌セット(￥1500)
・まぐろかま塩焼き(￥1500)

※予約必須
※日により対応出来ない時がございますので前日迄に御連絡下さい。
※オードブルやケータリング等何なりと御要望下さい。","大阪府豊中市蛍池東町1-3-1 森ビル新館101","06-6842-1357","2020/04/17"
"ちょび呑みちょび食べふぅ　（和食）","和食","◆テイクアウト
・オムライスセット[オムライス&amp;唐揚げ２個](￥850)
・スパゲッティセット[イタリアンorきのこ&amp;唐揚げ２個](￥850)
・焼き飯セット[焼き飯(和風シャケ味)&amp;唐揚げ２個](￥850)

※予約必須
※ご注文はお電話か、ご来店でお願い致します。
※多数ご注文の際は、早めに、ご予約頂けると助かります。
※ご注文によっては多少お時間を頂く事がございます。","大阪府豊中市蛍池東町2-4-18","06-6848-8688","2020/04/17"
"海鮮網焼き　海ほたる　（和食/海鮮料理/沖縄料理/居酒屋）","和食/海鮮料理/沖縄料理/居酒屋","◆テイクアウト
・お造り盛り合わせ(￥990)
・海ぶどうとろろ丼（￥690)
・天使の海老まよ(￥620)

※テイクアウトは当日注文もok！
※事前に電話注文するとお渡しがスムーズになります。
※現在時短営業中なので、17時30分～20時のお渡しとなります。
※他にも多数のお持ち帰りメニューがございます、詳しくは店頭パンフレットもしくは下記URLからご参照ください。
 https://r.gnavi.co.jp/ka9f700/menu8/ 
","大阪府豊中市蛍池東町2-4-7 蛍ビルa棟103","06-6849-2007","2020/05/09"
"肉うどんの丸十　（和食）","和食","◆テイクアウト
・炭焼き鶏の親子丼(￥660)
・牛肉たっぷり他人丼(￥715)
・和牛すじ煮込み(￥605)

※電話による注文予約可
※Uber Eats対応可
※テイクアウトに対応できないメニューがあります。","大阪府豊中市蛍池東町1丁目6-6 三洋ビル1F","06-6858-0898","2020/05/08"
"二葉寿司　（寿司）","寿司","◆テイクアウト　※税込
・にぎり満腹セット12貫(￥1865)
・二葉オリジナル五目巻き(￥ 865)
・焼き穴子押し寿司 一本(￥690)

※予約必須
※ティクアウトは、お電話での受付となりますのでどうぞよろしくお願いいたします。ご注文内容は、ご相談くださいませ。","大阪府豊中市蛍池中町１－３－１５","06-6841-5531","2020/04/22"
"旬菜鮮魚　割烹居酒屋　三代目　若竹　（和食）","和食","◆テイクアウト
・若竹の『おかず弁当』700円が今だけ税込500円！ワンコイン
　おかず12種～15種類蛍池で今年で50年！
・別売ライス100円税込

※電話による注文予約可
","大阪府豊中市蛍池東町2丁目5-3 クレール若竹ビル1F","090-8211-6669","2020/04/28"
"DIALOGO　Kitchen　&　Café（イタリアン）","イタリアン","◆お弁当（￥880）
・ココナッツキーマカレー弁当
・煮込みハンバーグ弁当
・アンガス牛グリル弁当
◆テイクアウト
・前菜3種盛り(￥800)、5種盛り(￥1100）、その他盛り合わせ
・パスタ各種(￥1200～）、

","大阪府豊中市本町1-11-48 豊中建物ビル1F","06-6853-0039","2020/04/06"
"COPPA豊中（何でもありのレストラン）","何でもありのレストラン","◆テイクアウト日替わり（￥850）(税込)
メインと付け合わせを日替わりで販売
（メイン例）きんぴら根菜カレー/パラパラチャーハン/ 親子丼/生姜焼き丼/ 麻婆豆腐丼　等
（付け合わせ例）ポテサラ/ごぼうサラダ/きんぴら/枝豆　等

","大阪府豊中市本町1-3-19 1F&nbsp;","06-6868-9753","2020/04/15"
"寿司天ぷら　頂　（和食）","和食","◆弁当
・500円弁当11:30〜売切れ次第終了
◆テイクアウト
・にぎり寿司一人前1000円〜
","大阪府豊中市本町1-12-3","06-6855-9705","2020/04/06"
"餃子　さわ藤　（中華）","中華","【テイクアウト営業のみ！】4/8～◆テイクアウト
・冷凍餃子￥800(税抜)一箱2人前14個入り
・焼き餃子￥420(税抜)1人前からの注文可
","大阪府豊中市上野西3-13-63","06-7508-5175","2020/04/20"
"タイ屋台料理「タイキック」","","◆テイクアウト
・ほぼ全てのメニュー可能(￥880～￥1,530)

※安全衛生上、テイクアウトのオーダーは電話でのみ受付させて頂きます。
※商品のお渡し時間をお伝えしますので、その時間に受取にご来店下さい。
※安全衛生上、店内でお待ちになるのはご遠慮願います。","大阪府豊中市本町4-1-27","06-6335-7484","2020/04/12"
"きりん珈琲　（喫茶）","喫茶","◆テイクアウト
・きりんブランド珈琲（￥440)
・手作りケーキ(￥400～￥450)
・特製サンドウィッチ(￥650～￥850)

","大阪府豊中市玉井町1-2-15 エクセルコート松本1F","06-6858-6706","2020/04/27"
"cafe PRIMO PASSO　(カフェ)","カフェ","◆テイクアウト
・野菜たっぷり肉味噌丼(￥650)
・免疫力アップのカラフル野菜添え油淋鶏(￥700)
・スイーツ(フレンチトースト¥650・ワッフル¥550・はちみつスイートポテト¥300）
・サンド系(イングリッシュマフィンサンド¥380・たまごのホットサンド¥380)
","大阪府豊中市本町1-9-10 マストメゾン豊中207号","090-2387-4520","2020/04/14"
"pertica　　（イノベーティブ）","イノベーティブ","◆テイクアウト
・キューバサンド(￥1200)
・本物のカヌレ(￥300)
・熾火焼き和牛のステックアッシェ　パン包み(￥1500)

※電話による注文予約可","大阪府豊中市本町1-2-45&nbsp;","06-7162-1267","2020/04/11"
"ILparadosso TOYONAKA　（イタリアン）","イタリアン","◆テイクアウトメニュー
・pizzaマルゲリータ (￥1404)
・pizza ロマーナ(￥1512
・pizza クアトロフォルマッジ(￥1728)

※電話による注文予約可
※4月30日までテイクアウト店頭受け取りでピッツァ全品30%OFF
※ピッツァはどの時間帯でもテイクアウト可","大阪府豊中市本町1-1-3 ティオ豊中1F","06-6151-3633","2020/04/13"
"10.　京料理　木村　（和食）","和食","◆テイクアウト
・お持ち帰り弁当(￥1200)
・お持ち帰り上弁当(￥2500)
※ワインショップ&amp;バー　イストワさんでワインを買って来られた方は100円引き

※電話による注文予約可
※完全予約制ではございませんが、ご予約頂ければスムーズに出来立てをお渡しできます！！
※配達に関しましては、すぐ近くで、他のご予約と重ならなければ可能です。ご相談ください。
","大阪府豊中市本町1-13-17","06-6842-7906","2020/04/08"
"とん平本店　（鉄板焼き　お好み焼き　焼きそば）","鉄板焼き　お好み焼き　焼きそば","◆テイクアウト
・豚玉(￥740)
・オムそば(￥960)
・そばめし(￥960）　他
※基本メニューはどれも持ち帰りできますが、鍋類等一部テイクアウトに対応していないメニューがあります。

※電話による注文予約可
","大阪府豊中市本町３丁目4ー1","06-6857-2025","2020/04/08"
"創作割烹たかの　（和食）","和食","◆テイクアウト
・季節弁当（￥3000、￥5000）

※予約必須。お電話で。","大阪府豊中市上野東2-2-47-102 スタイルビル","06-6856-0218","2020/04/08"
"一汁二菜うえの豊中店　（和食）","和食","◆テイクアウト
・弁当(￥3780～)
・松花堂弁当(￥5400～)
・一品(￥864～)
・寿司盛り(￥5400円～)

※予約必須
","大阪府豊中市上野東3-1-5","06-6853-3955","2020/04/09"
"TAPE's STAND(タペズスタンド)　(バーガーカフェバル)","バーガーカフェバル","◆テイクアウト
・フィッシュフライバーガー(￥540)
・ロースカツサンド(￥830)
・アイリッシュ牛すじカレー(￥750)※テイクアウトサイズ

※他テイクアウトメニューは https://trusting-fermi-3255a1.netlify.app/ 
※デリバリー有(配達料350円、地域により変動有り)
※ドライブスルー可
※電話による注文予約をお勧めします
","大阪府豊中市本町1-13-32 スクランブル交差点前緑のビル(COCO豊中)","06-6853-5867","2020/04/19"
" KOJIBAR (コジバル) 　(イタリアンバル)","イタリアンバル","◆テイクアウト
・単品メニュー(￥380～)
・ランチボックス(￥1058)※前日までに要予約
・オードブルセット(￥4860)※前日までに要予約

※電話による注文予約可(ランチボックス、オードブルセットは要予約）
※詳しくは下記ホームページをご覧ください","大阪府豊中市上野東2-2-47 StyleビルB101","070-5263-9732","2020/04/21"
"日本料理　とみなが(旧おおさわ)　（和食）","和食","◆テイクアウト
・持ち帰り弁当(￥3850)
※前日までにご予約ください。
※その他お気軽にお問い合わせ下さい。","大阪府豊中市上野東 スタイルビル2階","06-6857-7448","2020/04/10"
"ラヴェリータ　（イタリアン）","イタリアン","◆テイクアウト
・大人気のフォカッチャで作るイタリアの パニーニ(￥1000→￥800)
・たっぷり春野菜のシーザーサラダ(￥1184)
・日替わりパスタ(￥800)
※箱代別途
※予約必須
※出前館対応可
※オーダーメニューパスタ 受け付けます
※週末限定のフォアグラハンバーグ丼、フォアグラローストビーフ丼も販売します。
詳しくは当店田中まで0668486568","大阪府豊中市岡上の町4-1-7 パヴィヨン豊中B1","06-6848-3568","2020/04/11"
"鼓道　　（和食）","和食","◆テイクアウトメニュー　※全て8%の税込価格
・極　特上親子丼(￥1100)
・十五品目の鼓道幕の内弁当(￥1200)
・紀州鴨の鴨しゃぶセット二人前(￥7000)、三人前(￥10500)

※電話による注文予約可
※豊中店　「鼓道」、緑地店「鴨と醸し鼓道」（吹田市千里山西4-37-3 1F）両店ともテイクアウトと地域限定でのデリバリーもいたします。
※デリバリー可能地域についてはお問い合わせください。","大阪府豊中市本町5-2-2 フォレストパーク1階","06-6852-7558","2020/05/08"
"とり庄　（焼き鳥）","焼き鳥","◆テイクアウト　
・日替わり弁当(￥500）　5/8～（電話注文のみ、月曜日は取扱いなし）
・串焼き(￥216～）※単品注文のため、種類は https://www.torisyou.jp/menu.html
・唐揚げ(￥450)
・ももマヨネーズ(￥780)　他

※串揚げの種類、その他メニューは<a href=""https://www.torisyou.jp/menu.html"" target=""_blank"" data-mce-href=""https://www.torisyou.jp/menu.html"">ホームページ</a> に掲載。
※お造りはテイクアウト不可。 
※消費税は別途かかります。
※電話注文可
※デリバリー不可","大阪府豊中市本町１―11―22","06-6846-1023","2020/05/04"
"日本料理　四幸　（和食）","和食","◆テイクアウト
・しこうの折詰弁当(￥1500)
・季節ごはんの二段弁当(￥2000)
・十二升の彩り弁当(￥3000)
・その他テイクアウトメニュー　日替り弁当500円日替り一品などご用意しております。
※テイクアウトは前日までにご予約ください
※対応時間12:00～19:00（お渡しはご注文時にご希望時間に対応します）
※基本的には店内にてお引き渡しとなりますが、ご注文量や時間帯に応じて配達などのご相談承ります。
","大阪府豊中市本町3丁目14-7-B1","06-6857-0450","2020/04/12"
"おいどん　　（うどん）","うどん","◆テイクアウト
・うどん各種(￥620～)
・丼もの各種(￥650～)
・もつ鍋セット　2人前１セット（通常￥3200→今だけ￥2850）
（もつ鍋セットのみ、前日までの要予約）

※電話による注文予約可
※テイクアウトメニュー、その他多数ありますので直接お問い合わせください。","大阪府豊中市本町1-12-11","06-7172-8730","2020/04/13"
"中華料理 敦煌豊中店　（中華）","中華","◆テイクアウト
・当店人気！油淋鶏弁当 通常￥800(税込)→￥750(税込)
・冷凍点心セット① 通常￥1270(税込)→￥1000(税込)
[セット内容・中華ちまき2個・蟹シュウマイ2個・肉シュウマイ2個・餃子6個]
・冷凍点心セット② 通常￥1650(税込)→￥1300(税込)
[セット内容・春巻2本・餃子10個・肉じゃがコロッケ2個・一口肉まん2個]

※予約が必須
※その他テイクアウトメニューございます","大阪府豊中市本町1丁目10-1 豊中駅前 （豊中第一ビル5階）","06-6849-0959","2020/04/13"
"お好み幸房和楽　（お好み焼き）","お好み焼き","◆テイクアウト
・豚玉(￥626)
・広島焼(豚)(￥626)
・ネギ塩焼きそば(￥734)

※電話による注文予約可
※Uber Eats可
※5/6までは、メニューを限定して提供しています。詳しくは http://www.eonet.ne.jp/~okonomi-waraku/ をご覧下さい。
※Uber eatsでご注文の場合は上記の価格と異なりますのでご了承下さい","大阪府豊中市本町3-13-1","06-6844-0766","2020/04/13"
"ホルモン食堂　ケラはち　（焼肉）","焼肉","◆テイクアウト
・ハラミ盛(￥690)
・MIXホルモン盛(￥500)
・ロース盛(￥900)
※全てご飯付きはプラス￥50
※この他にも唐揚げや生姜焼きなどのお弁当をご用意しております。

※別途箱代
※電話による注文予約可
※お持ち帰りに対応できないホルモンメニューがあります。ご了承ください。","大阪府豊中市岡上の町1-4-7","090-8881-3694","2020/04/14"
"くしかつ専門店オリオ　（くしかつ専門店）","くしかつ専門店","◆テイクアウト
・串5本(￥600)
・串7本(￥900)
・串10本(￥1200)

※暖かくなってきましたのでご飯付き弁当は当面販売いたしません。
※電話による注文予約可
","大阪府豊中市上野東2-2-50 和田マンション","06-6842-2882","2020/05/09"
"ビストロ・リッペ　（フランス料理）","フランス料理","◆テイクアウト
・おうちでお気軽フレンチセット(一人前)￥2700

※予約必須
※ご注文は前日までにお願いします。
※宅急便でのお届けも可能です。(別途送料)","大阪府豊中市末広町1ｰ1ｰ8","06-6858-3122","2020/04/15"
"具だくさん生パスタのお店　モルトボーノ豊中稲荷神社前店","","◆テイクアウト
・生パスタメニュー12種類（￥950~￥1275）
・ピザメニュー20種類（￥540～￥1458
・バケットメニュー8種類(￥119～￥238)
※テイクアウトメニューはホームページでもご覧頂けます http://www.foodsplanner.co.jp/molto-buono/ec/user_data/menu.php 
※電話でのご注文承ります。
※お支払いは現金、PAYPAYのみ
","大阪府豊中市本町5-2-3 ハイムラポールPart X 1F","06-6858-0010","2020/04/19"
"POCA .　（カフェランチアパレル）","カフェランチアパレル","◆テイクアウト
・バーベキューバーガー(￥550） ドリンク付き(￥700）
・イチゴサンド(￥500)　ドリンク付き(￥650)
※他テイクアウトメニューは https://www.poca-official.com/ 

※電話による注文予約可
※テイクアウト対応できないメニューがあります。
※他の注文はサイトからご確認ください。","大阪府豊中市本町1-13-34 チェリオビル191号","070-4008-1935","2020/04/15"
"dining bar fitche","","◆テイクアウト
・１番人気！自家製タレで漬け込んだ鶏もも肉の唐揚げ(¥550)
・１日１２食限定！ラザーニャの重ね焼き　fitche風(¥850)
・イタリア産生ハムと自家燻製チーズ(¥800)
・キノコのマリネ＆お野菜のトマト煮（冷製）(¥450)
・モッツァレラチーズ入りライスコロッケ １個(¥170)
・海の幸たっぷりのペンネグラタン(¥850)
・豚ロース肉のカツレツ　ミラノ風(¥1000)
・ハーブソーセージとチョリソーのソテー(¥800)

※店頭、または、お電話にての予約注文も可","大阪府豊中市本町1-2-17　1F","06-7897-0360","2020/04/15"
"SMOKE&SUMIBI 102　（燻製と炭火の酒場）","燻製と炭火の酒場","◆テイクアウト
・燻製盛り合わせ(￥1980)
・スモーキーBLTEサンド(￥900)
・もち豚と大根と卵の燻製ビール煮込み(￥780)
※電話による注文予約可
※店内飲食営業もしています。
","大阪府豊中市本町3-8-2 SMOKE&amp;SUMIBI 102","06-7173-6835","2020/04/15"
"Garage　（居酒屋　焼肉　食堂　イタリアン）","居酒屋　焼肉　食堂　イタリアン","◆テイクアウト
（ランチタイム）
・鳥の唐揚げ弁当（￥648)
・豊中名物弁当ワニ餃子入り(￥756)
（ディナータイム）
・ピッツァ(￥1100)
・パスタ(￥972）　　　　　　詳しくは https://theefoodrest.localinfo.jp/ をご覧ください

※電話による注文予約可
","大阪府豊中市玉井町1-9-19","090-5665-8989","2020/04/23"
"餃子の勝　（中華）","中華","◆テイクアウト
・元祖 餃子(￥270）
・生姜 餃子(￥270)
・名物シュウマイ(￥300)

※箱別途
※電話による注文予約可
※Uber Eats対応可
※一部テイクアウトに対応できないメニューあります。","大阪府豊中市本町1-4-3","06-7175-1164","2020/04/17"
"裕寿司　　（寿司）","寿司","◆テイクアウト
・お得にぎり(￥1080)
・上にぎり(￥1620)
・ぜいたくにぎり(￥2160)

※電話による注文予約可
","大阪府豊中市北桜塚1ー5ー16","06-6848-0006","2020/04/17"
"Y38　（居酒屋）","居酒屋","◆テイクアウト
・カツオの藁焼き(￥1000)
・唐揚げ弁当(￥880)
・もつ鍋1300円（２人前より）

※予約のみ受付
※デリバリー可
※メニューほとんどテイクアウトできます
※電話で応相談
※メニューは食べログに掲載されています。","大阪府豊中市本町1-11-22","06-6857-5077","2020/04/18"
"tricot101　（フレンチバル）","フレンチバル","◆テイクアウト
・洋食弁当(￥880)
・フレンチデリ弁当　肉　魚（各￥1200)
・1000日スパイスカレー(￥550)

※電話による注文予約可
","大阪府豊中市岡上の町4-5-34 リブレ豊中","080-4010-3316","2020/04/29"
"Chouchou wine stand 豊中　（ワインスタンド）","ワインスタンド","◆テイクアウト
・豚タンの赤ワイン煮(￥400)
・パテドカンパーニュ(￥400)
・カレードリア(￥450)

※電話による注文予約可
","大阪府豊中市本町7-1-7","06-6845-3316","2020/04/19"
"久保田　（イタリアン）","イタリアン","◆テイクアウト
・自家製生地のピザ(￥800)
・牛ラグートマトパスタ(￥900)
・ボイリート（おでん）(￥800)

※その他店内フード持ち帰り可能
※電話による注文予約可
","大阪府豊中市本町3丁目5-45","06-6857-1000","2020/04/19"
"petit chouchou　（Teashop＆SABARのさば寿司）","Teashop＆SABARのさば寿司","◆テイクアウト
・BREW TEA(￥720～)
・amsu tea 100g(￥432～)
・SABARのさば寿司(４カン)(￥650～)

※電話による注文予約可
※紅茶のラッピングは有料と無料があります。","大阪府豊中市本町1-13-34 チェリオビル101","090-6556-3316","2020/04/29"
"イタリア料理 ビストランテ サ・ルーチェ","","◆テイクアウト　（価格は税込）
・サルーチェ弁当 (￥2700) (写真イメージ)
・ラグーソースのフェットチーネ(￥1500)[一人前(パスタ80g自家製フェットチーネと ソースのセット]※ご自宅で仕上げていただけます
・鴨ロースト(￥2500) (360～400ｇ) など

※予約必須、受付は電話のみ
※テイクアウトのご注文は前日の10時～19時までにお願い致します
※お受け渡しのお時間は10時～19時の間でご予約下さい
※ご注文はお電話のみとさせていただきます
※テイクアウトメニューは日々追加、更新しております、詳しくはホームページやフェイスブック、インスタグラムをご覧ください
","大阪府豊中市栗ケ丘町9ー34","06-6845-3601","2020/04/19"
"鮮魚こばやし　（和食）","和食","◆テイクアウト
・おさかな弁当(￥800)
・お造り弁当(￥1200)
・天ぷら弁当(￥1200)

※予約必須
※デリバリー可
※詳しくは http://senkoba.com/ をご覧ください

","大阪府豊中市本町9丁目１－１","0120-06-7661","2020/04/21"
"スタンドバルamanozyaku　（ダイニングバー）","ダイニングバー","◆テイクアウト
・甘辛タンドリーチキンカレー (￥750)
・オムライス (￥750)
・明太子ソースのオムライス (￥800)
・キノコのオムライス (￥800)

※電話による注文予約可
※創作串家AKANBEEさんとコラボランチ営業させて頂いてます。
【住所】豊中市本町3-14-1
※テイクアウトメニューに限り、イートインも可能です。
※お電話又は、InstagramのDMにて事前予約をいただけますと、なるべくお待たせせずにスムーズに提供しやすくなります。
タップしてください→ tel:09031679885　<a href=""https://www.instagram.com/amanozyaku_s.baru"" target=""_blank"" data-mce-href=""https://www.instagram.com/amanozyaku_s.baru"">【Instagram】</a> ","大阪府豊中市玉井町1-3-2 1F","090-3167-9885","2020/04/20"
"創作串焼き AKANBEE　（創作串焼き）","創作串焼き","◆テイクアウト
・日替りオードブルセット(￥1200)
・オムライス/プレーン(￥750)&nbsp;明太子(￥800)キノコ(￥800)
・日替り弁当(￥700)

※前日予約制
","大阪府豊中市本町3-14-1","06-6850-4723","2020/04/21"
"しげちゃんのからあげ　（からあげ、だしまき専門店）","からあげ、だしまき専門店","◆テイクアウト
・チキン南蛮シングル(￥780)
・だしから2個弁当(￥740)
・鶏めし(￥800)

※予約は受けません。
※Uber Eats可
※Uberのみの配達で、20時までの受付です。","大阪府豊中市玉井町1-1-1 エトレとよなか　1階","06-6151-2789","2020/04/21"
"居酒屋さとう　（居酒屋）","居酒屋","◆テイクアウト
・all手作り羽根つき餃子(￥500)
・干し豆腐中華炒め(￥600)
・春餅（しゅんびん）(￥600)

・電話による注文予約可
","大阪府豊中市本町1-13-2","090-6206-0818","2020/04/23"
"地鶏地酒の店　くいくい　（焼き鳥居酒屋）","焼き鳥居酒屋","◆テイクアウト
・焼き鳥おまかせ 5本(￥540)
・鷄の唐揚げ(￥480)
・焼き鳥丼(￥590) など

※予約必須
※ゴールデンウィーク中は日曜日以外、祝日も営業しています！","大阪府豊中市本町1ー2ー15","06-6849-4472","2020/04/23"
"Marcy　（小さなレストラン）","小さなレストラン","◆テイクアウト
・メインbox(￥1500)2-4人前相当
　[栗豚ローストポーク自家製BBQソース&amp;大山鶏ブレゼ　マッシュポテト ]　
・スイーツbox(￥950)
・限定スペシャルbox（￥1800～)2人前相当
　[例：ホロホロ鳥のペポーゾ&amp;羊ソーセージのジャンバラヤ]

※予約必須
※エコバッグの持参をお願いいたします。","大阪府豊中市本町3-15-27 宮本マンション","06-6152-5078","2020/04/24"
"Natural Wine Shop&Bar Histoi　（ワインバー）","ワインバー","◆テイクアウト
・店主お手製スパイスカレー(￥864)
・ワインバーのパテドカンパーニュ(￥648)
・各種オードブル(￥324～)

・電話による注文予約可
","大阪府豊中市本町3-2-3 東洋ビル1F","06-6151-4477","2020/05/04"
"ポルタブル　（イタリアン）","イタリアン","◆テイクアウト
・キャロットラペ(￥410)・パテドカンパーニュ(￥864)
・トリッパのトマト煮込み(￥810)・本日の野菜のクリームスープ(￥432)
・ボロネーゼソース（￥756)
・特製ハーブチキン(￥1296)・煮込みハンバーグ(￥734)
※その他色々取り揃えております。
※詳しくは https://www.instagram.com/p/B_BXwRYFK7x/?igshid=uk6xyaesvfpz ・フェイスブックをご覧下さい。

※お電話でご注文頂ければお渡しがスムーズです。
※一部を除いて真空パックでのお渡しになります。
※冷凍保存可
","大阪府豊中市本町６丁目1-1　ヒルズワンビル203","06-6849-7070","2020/04/26"
"KaleidoBagel（カレイドベーグル）（ベーカリーカフェ）","ベーカリーカフェ","◆テイクアウト
・ベーグルサンド(￥400～)
・ベーグル単品(￥150～)
・タピオカドリンク(￥480)

※電話による注文予約可
","大阪府豊中市本町3-8-2","06-6853-3311","2020/04/27"
"酒と蕎麦　こなから　（和食　そば）","和食　そば","◆テイクアウト
・酒肴(おかず)盛り合わせ(￥1200)
・特製そばつゆ ※前日までの予約必須 
　うす口醤油出汁(￥530) こい口醤油出汁(￥930) (容器持参で￥130引き)
・生そば　出汁付き(￥730)※前日までの予約必須
※トッピングメニューもございます。

※予約必須
※他一品料理のテイクアウトも出来ます。","大阪府豊中市本町1丁目3-19 長尾第一ビル　1-G","06-6868-9932","2020/04/29"
"alcoveGALA　（カフェ・バー）","カフェ・バー","◆テイクアウト　 各￥800
・きまぐれランチのお惣菜5種(ご飯無し)※写真イメージ
・きまぐれランチのお惣菜3種(ご飯付き)
・ひよこ豆のキーマカレー(サラダ付き)
野菜たっぷり人気のランチメニュー　自家製ドレッシングのサラダをどうぞ

※電話による注���予約可
※事前にご予約頂くとスムーズにお渡しできます","大阪府豊中市本町1-9-19　2F","06-6850-1122","2020/05/01"
"thee food rest ぶらり（フードバー／イタリアン／無国籍）","フードバー／イタリアン／無国籍","◆テイクアウト
・オリジナルスパイスカレー(￥756)※なくなり次第終了
・豊中名物弁当〈唐揚げ、一口コロッケ、ワニ餃子〉(￥756)
・ぶらりのお任せお家でのたりset （要予約）(￥1430）
　〈自家製タルタルチキン南蛮等〉

※電話による注文予約可
※お電話や店頭でのご予約いただけると、スムーズなお渡しができます。","大阪府豊中市本町1-2-49 小林ビル 1F","06-6846-4216","2020/05/01"
"853coffee　（喫茶店）","喫茶店","◆テイクアウト
・ミソカツサンド(￥550)
・ミックスサンド(￥550)
・ベーコンサンド(￥450)
※他にも多数ご用意しております

※電話による注文予約可
※サンドイッチは期間限定で50円引きの価格です。
※その他珈琲や各種ドリンク、珈琲豆のテイクアウトも行っております","大阪府豊中市本町6丁目1－1 ヒルズワンビル102","06-6398-7665","2020/05/02"
"N's BAR　（カフェバー&BAR）","カフェバー&BAR","◆��イクアウト（価格は税込）
・美味し過ぎず、昔ながらの、かしわのミンチの かしみんカレー(￥500)

※電話による注文予約可
※電話注文 伺いますが、来店されてから即座に カレーを注ぎます。
※5月6日以降は、時間変更あり予定。
※電話か、SUNTORYバーナビで、ご確認下さいませ。","大阪府豊中市本町1丁目10ー1 ボーゼム豊中第１ピル 1階","090-5165-6564","2020/05/02"
"ふるさと五島の味「小田茂信の店」（和食）","和食","◆テイクアウト
・お造り(￥600～)
・焼き魚(￥600～)
・煮魚(￥600～)

※電話による注文予約可
※その日の仕入れで多少変わりますのでインスタグラム、facebookで、ご確認下さい。","大阪府豊中市本町６－１－１ ヒルズワンビル２F","06-6849-7747","2020/05/05"
"創作料理　おばんざい　きむら（創作料理と自家製スモーク）","創作料理と自家製スモーク","◆テイクアウト
・家飲みセット３種（和牛、鶏、魚）(￥1200)
・自家製スモーク盛り合わせ(￥1200)
　その他単品承ります。

※電話による注文予約可
※１６時お渡しご希望の場合は事前予約をお願いします。
※受け取り最終時間は２０時３０分です。
※一部テイクアウト未対応の商品が御座います。
※詳しくはお尋ね下さい。","大阪府豊中市本町３－１４－１","06-6840-1317","2020/05/02"
"Spicecurry&bal fanfare　（スパイスカレー）","スパイスカレー","◆テイクアウト
・スパイスキーマカ���ー
・欧風ビーフカレー
・本日のスパイスカレー
※全部通常９００円が今だけ６９０円

※電話による注文予約可
※Uber Eats対応可
","大阪府豊中市本町1ー9ー33","06-6151-9521","2020/05/02"
"焼肉grandma　（焼肉）","焼肉","◆テイクアウト
・和牛カルビ弁当(￥1000)
・牛タン弁当(￥1000)
・コチュジョン(唐辛子入チヂミ)(￥750)

※電話による注文予約可
※お弁当は注文いただいてから焼きますので、店内で少しお待ちいただくか、事前にご予約頂くとスムーズにお渡しできるかと思います。
※お弁当以外も一品等テイクアウト可能です。お問い合わせ下さい。","大阪府豊中市本町6-1-3 195ストリートビル1F","06-4867-4300","2020/05/02"
"マラサダドーナツのお店　（カフェ）","カフェ","◆テイクアウト
・ マラサダプレーン(¥160)
・マラサダカスタード(¥190)
・マラサダパン(¥150)

※電話による注文予約可
※ 2000円以上のご注文で宅配できる場合があります。詳しくは店舗までお問い合わせください。","大阪府豊中市本町1-9-34","06-6853-2170","2020/05/02"
"ダイニングバーとまと","","◆テイクアウトメニュー
・日替わりお惣菜（￥350～）
・とまとリゾット（￥850）な
","大阪府豊中市中桜塚2-31-14","06-6841-4996","2020/04/10"
"イタリア食堂diritto　(イタリアン）","イタリアン","◆テイクアウト
・自家製デリ10種盛り合せ(￥1620)
・パスタ　牛タンのラグーソース、自家製手打ちパスタタリオリーニ(￥1290)
※麺とソースのお渡しです、ご家庭で麺を茹でてソースと合わせて下さい
・ランチタイム(￥600～）

","大阪府豊中市中桜塚2-25-12 ループトーワビル","06-4865-5610","2020/04/06"
"焼肉たか　（焼き肉）","焼き肉","◆テイクアウト
・豚キムチ弁当(￥580)
・焼肉弁当(￥850)
・お家で焼肉ファミリーセット(￥5000～)
","大阪府豊中市中桜塚2-18-12 藤本ビル 北1Ｆ","06-6151-3629","2020/04/07"
"酒肴家 いち凜　（創作料理）","創作料理","◆テイクアウト
・いち凜のおまかせランチ弁当〈日替わり〉(￥850)

※電話による注文予約可
※土曜日は夜営業のみなので、テイクアウト販売は行なっておりません。","大阪府豊中市中桜塚2丁目27番8-122 豊中市桜塚ショッピングセンター内","06-6858-3320","2020/04/08"
"トラットリア　オロ　ブリランテ　（イタリア料理店）","イタリア料理店","◆テイクアウト
・日替わりパン付パスタ(￥600)
・日替わり前菜つきパスタ(￥850)
・単品パスタ（トマト・クリーム・オイル系）(￥900)
・自家製ニョッキ・ゴルゴンゾーラクリームソース（￥1,250）
・シェフおまかせ前菜盛り合わせ（￥900～）
その他、自家製パン・無農薬野菜サラダなどなど。店内サンプルをご覧下さい。

※箱代など別途
※電話による注文予約可

","大阪府豊中市中桜塚２－１－１","06-4866-5005","2020/04/17"
"手作り弁当エース・ワン  旨酒処 榮右衛門　(弁当  居酒屋)","弁当  居酒屋","◆テイクアウト
・幕の内弁当(￥480)
・だし巻き玉子&amp;鶏からあげ弁当(￥480)
・豚しょうが焼き弁当(￥480)

※電話による注文予約可
※昼は弁当屋、夜は居酒屋の店です。
※昼は弁当3個以上で配達します。
※夜はテイクアウトのみ","大阪府豊中市中桜塚2-18-18","06-6849-2241","2020/04/09"
"しあわせおでん処  正心亭　（おでん）","おでん","◆テイクアウト
・定番おかちゃんセット(￥1300)
・その他お好みの単品(￥108～)

※箱代別
※電話による注文予約可
","大阪府豊中市中桜塚1-8-4","06-7508-2591","2020/04/09"
"生パスタの店 felice　（イタリアン）","イタリアン","◆テイクアウト
・マルゲリータ(￥1,080)
・クワトロフロマージュ(￥1,188)
・具沢山MIXピッツァ(￥1,296)

※テイクアウトはピッツァのみ
※電話による注文予約可
","大阪府豊中市岡町南1-1-22 矢部ビル岡町コーポ102","06-6836-9326","2020/04/24"
"炭火焼肉慶州館　　（焼肉）","焼肉","◆テイクアウト
・炭火焼肉焼肉弁当(100g)(￥784)
・炭火焼鳥丼(￥680)
・炭火焼き豚カルビ丼(￥680)

※電話による注文予約可
※出前館,Uber Eatsでのお届け可
・お持ち帰りは出前館の表示価格より20％オフになります！！
出前館当店サイトは https://sp.demae-can.com/shop/menu/3036879/ 

","大阪府豊中市中桜塚2-18-8 丸正ビル2階","06-6852-0299","2020/04/10"
"souvenir　（スイーツ）","スイーツ","◆テイクアウト
・りんごのパイ(￥162)
・レーズンとりんごのパイ(￥162)
・キャラメルチョコとりんごのパイ(￥162）

※電話による注文予約可
※タイミングによっては商品が少ない時がありますので、ご予約をおすすめします。","大阪府豊中市夕日丘1-1-1","06-7171-8462","2020/04/10"
"CO.ZARA　（居酒屋バル）","居酒屋バル","◆テイクアウト
・オムライス各種［昔ながらのケチャップ(￥550)、イタリア産トマトソース(￥650)・チキンクリームソース(￥700)・牛スジシチューソース(￥750)］
・トッピング ［フィシュフライ(￥150) ・エビフライ(￥150) ・ソーセージ(￥100 )・黒毛和牛カツレツ(￥250)・手づくりハンバーグ(￥300)］

※電話による注文予約可

","大阪府豊中市中桜塚2丁目18―11 第２トーワビル2FC号","06-6841-1600","2020/04/28"
"鶏料理　六源　（やきとり）","やきとり","◆テイクアウト
・やきとり各種(もも、ねぎま、せせり、つくねなど)　￥151～
・唐揚げ各種(もも肉、手羽先、ずりなど)　￥702
・ご飯物(鶏焼きめし、鶏釜飯、やきとり丼など)　￥594～

※別途箱代要
※電話による注文予約可
※生物、汁物などはテイクアウトできません。","大阪府豊中市中桜塚3-10-35 ビジネスゾーン豊中センタービル１F","06-6845-6969","2020/04/08"
"さかな料理 魚甚　(和食)","和食","◆テイクアウト
・鯛めし弁当(￥1500)税込

※予約必須
※テイクアウトは昼夜問わず予約を受け付けています。
※お昼に受け取りを希望される方は、前日の21時までに予約をお願いします。
","大阪府豊中市中桜塚2-20-10 サンリッチ豊中 2階","06-6845-6040","2020/05/02"
"としまさ214　（テイクアウト　粉もの）","テイクアウト　粉もの","◆テイクアウト
・クレープ(￥350～)、鯛焼き(各￥130)（あずき・カスタード）
・たこ焼6個(￥330)、8個(￥440)、10個(￥550)
・お好み焼き豚玉（￥400)、イカ玉(￥400)、ﾐｯｸｽ(￥450)　
※その他、焼きそば、焼きうどん、そばめし、たこセンなど

※予約必須
","大阪府豊中市中桜塚2-27-8 桜塚ショッピングセンター","06-6842-7234","2020/04/15"
"料理屋くおん　（日本料理）","日本料理","◆テイクアウト
・仕出し弁当(￥3240)（写真参照）

※予約が必須
※デリバリーします。
※仕出し弁当のご注文は２個から承ります。","大阪府豊中市北桜塚3-7-28","06-6850-4120","2020/04/15"
"SIDEMAAN'S / 喫茶リモン　（喫茶店・ジャム）","喫茶店・ジャム","◆テイクアウト
・ドライカレー(￥700)
・てりやきジンジャーチキンサンド(￥550)
・自家製ジンジャーエール(￥450)　 など

※箱代別途
※電話による注文予約可
※LINE公式アカウントからご注文予約ができます。
※LINE公式アカウントからのご注文方法や、テイクアウトメニューなど詳しくは、 https://sidemaans.theshop.jp/blog/2020/04/10/170207 をご覧ください。
※お買い物のついでに、直接ご来店頂いてのご注文も承っておりますが、出来上がりまでにお時間を頂くこととなりますので予めご了承ください。","大阪府豊中市中桜塚2-18-12 藤本ビルB1F北","090-5052-2979","2020/04/15"
"古絵本とコーヒーのお店　ちぇすなっと　（カフェ）","カフェ","◆テイクアウト
・コーヒー[ホット・アイス]　(￥500）
・カフェオレ[ホット・アイス]　(￥600)
※＋50円でカフェインレスに変更可

※予約は受けません
※メニューの中にはテイクアウトに対応できないメニューがあります。","大阪府豊中市岡町南1-6-13-101 ダイアコート豊中","090-2101-7566","2020/04/16"
"カフェ　ダイニングJ　（和食　中華　洋食）","和食　中華　洋食","◆テイクアウト
・日替わり弁当(￥500)
・オムライス(￥700)
・惣菜盛り合わせ(￥600)

※電話による注文予約可
","大阪府豊中市岡町9-2","06-6849-3345","2020/04/20"
"にしき亭　　（炭火焼き鳥専門店）","炭火焼き鳥専門店","◆テイクアウト
・焼き物各種（￥117～）
・一品料理・揚げ物各種（￥303～）釜飯各種（￥744～）

※電話による注文予約可
※メニュー詳細は店頭もしくは電話によるお問い合わせをお待ちしております
※容器代・消費税８％込みの料金です
※混雑時はお時間を頂戴する場合がございます","大阪府豊中市中桜塚2-23-5 加藤ビル1階","06-6840-2317","2020/04/21"
"鉄板キッチン新　（鉄板焼き）","鉄板焼き","◆テイクアウト
・特選和牛ステーキ重(￥1000)
・和牛ハンバーグ(￥900)
・鹿児島産豚すきやき風弁当(￥500)
※電話による注文予約可
※お弁当は売り切れ次第終了となります。
※ご予約やお取り置きの電話も承っておりますのでお電話頂けると1番確実かと思います！
※通常店内メニューは https://www.teppan-kitchen-shin.com/からご覧頂けます。
※メニューによっては仕入れ状況によりご用意できないことがございますのでお電話でご確認ください。
※お店の最新情報は<a href=""https://instagram.com/teppankitchen_shin?igshid=fmioyghtn1i7"" target=""_blank"" data-mce-href=""https://instagram.com/teppankitchen_shin?igshid=fmioyghtn1i7"">Instagram</a>と<a href=""https://www.facebook.com/shin.toyonaka/"" target=""_blank"" data-mce-href=""https://www.facebook.com/shin.toyonaka/"">Facebook</a> で随時更新しております。","大阪府豊中市中桜塚2-31-35","080-8313-1488","2020/04/18"
"天ぷら割烹たかの　（天ぷら）","天ぷら","◆テイクアウト
・天丼(￥1500)

※予約必須
※店の前に車一台分スペースあります。
※注文頂いてから調理しますので20分から30分前の予約を願いいたします。","大阪府豊中市岡町南 1-1-20","06-4865-3455","2020/04/18"
"SHIBATO　���弁当/カリー）","","◆テイクアウト
・弁当(￥600～￥900)
・スパイシーチキンカリー(￥600)
・パイナップルドライカリー(￥600)
※スパイスカリー！期間限定special price!！

※電話による注文予約可
※配達応相談（3,000円～）
","大阪府豊中市中桜塚2丁目25ー7 島越ビル1階","090-3039-5293","2020/04/23"
"サマルカンド柴藤　（串揚げ/和食/江戸前寿司/割烹）","串揚げ/和食/江戸前寿司/割烹","◆テイクアウト
・握り寿司8貫(￥1000)
・串揚げ5本(￥900)
・ちらし寿司(￥1500)

※電話による注文予約可
※お造り等生物以外全てお持ち帰り対応させていただきます。","大阪府豊中市中桜塚2丁目12ー9 新桜塚ビル2F","06-6844-1194","2020/04/19"
"柴藤　（仕出し料理）","仕出し料理","◆テイクアウト
・箱弁当(￥770円～)
・四つ切り弁当(￥920～)
・まむし（うな重）（￥1620～)

※予約が必須
※使い捨ての折の容器の場合、豊中市内であれば総額3,000円～配達致します。お気軽にお電話ください。","大阪府豊中市岡上の町1丁目3ー12","06-6841-4810","2020/04/18"
"やきとり 豊  -BUN-　（和食 焼き鳥）","和食 焼き鳥","◆テイクアウト
・焼き鳥 盛り合わせ(￥660)
・焼き鳥どんぶり(￥660)
・鶏ももの唐揚げ(￥660)

※電話による注文予約可
","大阪府豊中市岡町 1-24","06-6844-1177","2020/04/20"
"十八番まんじゅう　（テイクアウト専門　粉もんのお店）","テイクアウト専門　粉もんのお店","◆テイクアウト
・十八番まんじゅう(小さな回転焼き)…人気のﾊﾑﾏﾖなど1個(￥80)
・特製ソース焼きそば/オムそば/うまそば(塩焼きそば)…各(￥280)
・洋食焼き(￥230)・たこ焼き6個(￥300～)

※予約必須
※お電話にてご予約承ります。
※事前にご予約頂きますと、お待たせする事なくスムーズにお渡しができます。
※焼きそばと洋食焼きのセットが500円!!など、お得な商品もございます。
※お気軽にお申し付け下さいませ。","大阪府豊中市中桜塚1-2-36","06-6845-5666","2020/04/19"
"わかな　～���奏～　（和食）","和食","◆テイクアウト
・「いろどり弁当」(￥1200)（2個より受付）
・「桜鯛しゃぶしゃぶセット」（鯛の身・特製だし）(￥4500)（2人前）

※前日18時までに直接お電話にてのみご予約承ります。","大阪府豊中市北桜塚3-8-26-101 おおきに北桜塚","06-6858-6888","2020/04/19"
"レストラン　ムース　（洋食）","洋食","◆テイクアウト
・煮込みハンバーグ(ライス付き)(￥600)
・ふわふわ卵のオムライス(￥600)
・カツカレーライス(￥800)

※電話による注文予約可
※テイクアウトはその他のメニューもご用意しております。
※事前にご予約頂くとスムーズにお渡し出来ます。
※売り切れ次第で終了とさせて頂きます。","大阪府豊中市中桜塚2-25-12 ループトーワビル","06-6848-1113","2020/04/20"
"居酒屋酒蔵　（居酒屋 焼き鳥）","居酒屋 焼き鳥","◆テイクアウト
・おまかせ串焼き 5本(￥500)
・串焼き 10本(￥1000)

※電話注文のみ
※Uber Eats対応可
","大阪府豊中市宝山町2-34","06-6841-8984","2020/04/20"
"芋屋 なんばん　（スイーツ）","スイーツ","◆テイクアウト
・コグマラテ(ICE・HOT)(￥350)
・焼き芋(シルクスイート・紅はるか)(￥450)
・安納芋アイスクリーム(￥200)

※電話による注文予約可
※デリバリーあり
※Uber Eats対応可","大阪府豊中市中桜塚1-2-9","06-6842-9339","2020/04/21"
"串もん　（串カツ)","串カツ","◆テイクアウト
・串カツ8本盛り(￥1100)
・串カツ単品(￥80～)

※箱代別途
※電話による注文予約可
※揚げ物以外の一品はお持ち帰りいただけません。","大阪府豊中市中桜塚2-25-5 岡田ビル1階","06-6845-8860","2020/04/21"
"天麩羅くろさわ　（和食）","和食","◆テイクアウト
・彩り弁当(￥2500)
・上天丼(￥2500)
・うな重(￥2500)

※予約必須
※デリバリーあり
※前日までのご予約でふぐ鍋セットや京鴨はりはり鍋セットもご用意しております。詳しくはお電話下さい。","大阪府豊中市中桜塚4-2-1","06-6854-7888","2020/04/21"
"酒菜　穂のか　　（居酒屋）","居酒屋","◆テイクアウト
・キーマカレー(￥700)
・豚しょうが焼き弁当(￥700)
・カレイの西京焼き弁当(￥750)

※電話による注文予約可
※仕入れによっては品切れしていることもありますので、出来れば事前にお電話でご確認下さい。","大阪府豊中市中桜塚2-20-18 ニューライン中桜塚１０１号","090-9160-0075","2020/04/22"
"うどん・そば処　なかま　（うどん・そば)","うどん・そば","◆テイクアウト
・カツ丼(￥800)
・鶏の唐揚げ(￥700)
・だし別　きつねうどん(￥600)

※電話出ご予約ください。
※デリバリー可
※店内メニューでテイクアウトできない商品があります。","大阪府豊中市中桜塚4-7-8 カビーナ中桜塚１F","06-6849-2585","2020/04/22"
"太鼓亭　豊中服部緑地店　（和食）","和食","◆テイクアウト
・肉カレーうどん(￥885)
・特製鍋焼きうどん(￥756)
・カツ丼(￥734)

※電話による注文予約可
","大阪府豊中市夕日丘3-6-15","06-6856-2200","2020/04/26"
"とんかつ　ますもと　（とんかつ）","とんかつ","◆テイクアウト
・ロースかつ又はヒレかつ単品(キャベツ付)　（￥1080)
・上ロースかつ又は上ヒレかつ単品(キャベツ付)（￥1510）
・海老フライ2尾と一口ヒレかつ2枚(キャベツ付)（￥1180)

※電話による注文予約可
※他メニューのお持ち帰りも承ります(一部、お持ち帰り出来ないメニューもございます)。
※お持ち帰りご注文の数量がある場合は、お手数ですが予めご予約頂きたくお願い致します。","大阪府豊中市中桜塚3丁目10番6号","080-4702-0515","2020/04/30"
"かみかわ珈琲焙煎所","","◆テイクアウト
・ホットコーヒー(￥350）
・水出しアイスコーヒー(￥380)
・カフェインレスコーヒー豆(￥594/100g)
","大阪府豊中市曽根東町5-10-1&nbsp;","06-6842-9860","2020/04/09"
"MAHOT COFFEE　（喫茶）","喫茶","◆テイクアウト
・ドリップコーヒー(HOT or ICE)￥370～
・カフェオレ(HOT or ICE)￥400～
・コーヒー豆￥470～","大阪府豊中市曽根西町2-14-43&nbsp;","080-6157-2853","2020/04/06"
"こまめ　　　（カフェ）","カフェ","◆テイクアウト
・ハンバーグ弁当(￥600)
・チキングリル弁当（￥600)
・ガーリックライスのオムライス(￥550)

","大阪府豊中市南桜塚3-15-24 エルム曽根1階","06-6152-7459","2020/04/07"
"IL  pulcina【イルプルチーナ】(生パスタとピッツァのお店)","生パスタとピッツァのお店","◆テイクアウトメニュー
・海老の明太子クリームランチセット(サラダ、パン付き)(￥1188)他ランチセット日替わりで8種ほど
・茄子とベーコンのトマトソース(￥880)他16種類ほどのパスタ
・マルゲリータピッツァ(￥980)他5種類ほどのピッツァ

※テイクアウトのメニューはインスグラムにアップしております。そちらでご確認下さい。

※電話による注文予約可
※事前のご予約は必要ではありませんが、ご予約頂くとスムーズにお渡しできます。
※パスタはご要望があれば、パスタとソースを分けてお渡しします。その際はパスタはご自宅にて茹でて頂く形となります。
※日替わりランチの内容の問い合わせはお電話にてお願いします。
","大阪府豊中市南桜塚1丁目22-7","06-6151-9995","2020/04/14"
"itanClip(イタンクリップ)　（パスタ／イタリアン)","パスタ／イタリアン","◆テイクアウト
・北海道産塩たらこスパゲティ(￥864)
・ミニピザ“クアトロファルマッジ”(￥846)
・サッポロクラシックビール(￥660)など

※【酒類販売業免許を取得】当店でしか飲むことのできなかったワインなどもお持ち帰り頂けます。
※現在テイクアウトは店内価格より20%OFFで提供しています。(一部対象外あり)
※その他17種類のパスタを含む、ほぼ全てのメニュー(アラカルトもOK)でお持ち帰りできます。お気軽にお問い合わせください。
※電話による注文予約可
※Uber Eats利用可
※Uber Eats用のメニュー(パスタとハーフピザのセット)もテイクアウト出来ます！宅配よりお持ち帰りの方がお得な金額でご案内しています。","大阪府豊中市曽根東町2-5-15","06-6862-5200","2020/05/04"
"EGO　CAFE　エゴカフェ　（カフェ）","カフェ","◆テイクアウト
・自家焙煎珈琲(￥420～)
・各種サンドイッチ(￥580～)　
・本日の煮込み料理（３分づき玄米ごはん・ミニサラダ付き）（￥880)　他

※事前にご予約いただけましたら大変助かります。
※電話による注文予約可
※テイクアウトに対応できないメニューがあります。

","大阪府豊中市曽根東町2-12-5","06-6152-7969","2020/04/17"
"肉バル29ヤネン！　（肉バル）","肉バル","◆テイクアウト
・ハラミ丼(￥900)
・ハンバーグ弁当(￥900)
・前菜7種盛り合わせ(￥1,000)

※電話による注文予約可
※営業時間外のテイクアウトのご相談はお電話でお問い合わせください。
","大阪府豊中市曽根東町1-10-30","06-6151-5228","2020/04/08"
"とりや富衛門(フエモン)&ちぇら　（居酒屋)","居酒屋","◆テイクアウト
・ランチBOX・おBENTO各種(￥700～)
・生ハムとグラナパダーノのサラダ(￥900)
・炭火焼豚(￥480)　 他、家呑みのとも、家ごはん色々
★ただ今テイクアウトは消費税サービス中

※電話予約可
※作り置きしてませんので、予約いただくと早いです。
※店の前にメニューチラシ置いてます。","大阪府豊中市南桜塚4-5-23","06-6856-1110","2020/04/13"
"ヤマビコ　ホルモン　（ホルモン焼/もつ鍋）","ホルモン焼/もつ鍋","◆テイクアウト
・ホルモン盛り合わせ（小）1人前(￥1210)
・あぶら盛り合わせ（小）1人前(￥1320)
・もつ鍋セ��ト2～3人前(￥3270)

※電話による注文予約可
※真空パックでのホルモン各種単品のご注文も受け付けております
※テイクアウトに対応できないメニューもございます
※ご不明な点がございましたら店舗にご連絡ください。","大阪府豊中市曽根南町2-5-55 曽根OMビル101","080-5366-6799","2020/04/10"
"パパアンジェロ　（イタリアン）","イタリアン","◆テイクアウト
・イタリアオムライス(￥890)
・ビーフストロガノフオムライス(￥1040)
・ピザ(￥990～)

※箱代別途
※電話による注文予約可
※電話注文して頂けたら時間までにお作りしておきますので、お待たせしません。","大阪府豊中市曽根東町3-3-22 バイキングビル1F","06-6867-1117","2020/04/11"
"Tanne Cafe タンネカフェ　（カフェ）","カフェ","◆テイクアウト
・ナスとベーコンのパスタ(￥810)
・ミックスピザ(￥864)
・ミックスサンド(￥486)

※電話による注文予約可
※パスタ17種類・ピザ7種類・サンドイッチ6種類ございます。
※ドリア・ケーキ・ドリンク類のテイクアウトはできません。
※事前に電話でのご予約を戴けると幸いです。","大阪府豊中市曽根東町3-2-6 曽根駅前ビルディング　１F","06-6864-6687","2020/04/15"
"南国cafe&bar　ＣＨＡＴＡＳＯ　（カフェバー）","カフェバー","◆テイクアウト
・タコライス(￥961)
・ロコモコ(￥961)
・ポーク玉子おにぎり(￥486)
※電話による注文予約可
※デリバリー可能。
※Uber Eats可
※汁物、生物以外は全て持ち帰りOKです！
※デリバリーは17:00～20:00までとなっております。
※お買い上げ1500円以上でデリバリー無料（1500円未満は300円加算）","大阪府豊中市曽根南町1丁目5-6 ウェストコア101","06-6210-6767","2020/04/15"
"和洋びすとろ秋桜　（ビストロ）","ビストロ","◆テイクアウト
・秋桜のオードブル（￥1300)

※予約必須","大阪府豊中市曽根西町 1-4-22 曽根ハイホーム1階","06-6841-8554","2020/04/17"
"fulari cafe　（カフェ）","カフェ","◆テイクアウト
・牛赤身ステーキ丼弁当(￥850)
・ソフトクリーム(￥250～)
・バスクチーズケーキ(4号ホール)(￥2,200)【要予約】
※ソフトクリームは約40種類のメニュー！
※ドリンクのテイクアウトもできます！
※お弁当は事前に電話でのご予約を戴けると幸いです。
　(※店頭でご注文の場合、15分程お時間頂きます。)

※電話による注文予約可
※ご不明な点はお電話にてお問合せください。","大阪府豊中市曽根西町１丁目９－３ シャンポールメゾン曽根１Ｆ","06-6151-9889","2020/04/17"
"cafe&diningbar Cavolo　（ダイニングバー）","ダイニングバー","◆テイクアウト
・唐揚げ弁当(￥650)
・焼き野菜カレー弁当(￥750)
・鶏そぼろ弁当(￥650)　等

※電話による注文予約可
※食べログにメニューのせてます
※ご注文お受けしてからお作り致します。
※あらかじめお電話でご予約頂ければスムーズにご用意できます。
※大量注文(5個～)はできるだけ前日までにご連絡下さい。
※お待たせする場合や、在庫の有無でご用意できない可能性ございます。
※手作りお菓子もテイクアウトできます(売り切れ次第終了)
※パーティオードブル1人前1500円～(要予約)ございます。ご相談下さい。","大阪府豊中市城山町2-7-2 城山壮1Ｆ","06-6398-7999","2020/04/18"
"和みダイニング魚政　（割烹）","割烹","◆テイクアウト
・和風幕の内弁当(￥918)
・エビフライ弁当(￥918）
・にぎり盛り合わせ(￥1080)

※電話による注文予約可
※お近くなら1個から配達致します","大阪府豊中市南桜塚1-21-18","06-6850-0020","2020/04/20"
"ラーメン工房「あ」　豊中店　（ラーメン）","ラーメン","◆テイクアウト
・チャーハン唐揚げ弁当（￥580）
・ギョーザ　１人前６個入り（￥350）
・油淋鶏　３個　（￥350）

※電話による注文予約可
※ラーメンの持ち帰り不可
※ http://www.ramen-a.com/index.html にその他持ち帰りメニュー載せてます。","大阪府豊中市原田南1-13-11","06-6865-2788","2020/04/20"
"楽笑　　（焼鳥居酒屋）","焼鳥居酒屋","◆テイクアウト
・焼鳥５本セット(￥825)
・唐揚げ(￥660)
・焼き鳥丼(￥660)

※予約必須
※店主１人ぼっちでの営業の為、多量のご注文には対応力出来ない場合もあります。
※自粛要請期間は20時での閉店となります。","大阪府豊中市曽根西町2-2-52","090-6056-3784","2020/04/23"
"Taverna ラッポルト　（イタリアン）","イタリアン","◆テイクアウト
・前菜ちょこっと5種盛り(￥800)
・チキンのトマト煮込み(￥750)
・pizzaマルゲリータ(￥550)

※電話による注文予約可
※生モノとパスタ(延びるため)以外の御注文でお願い致します。
※メニューは https://www.instagram.com/p/B_PTJ6EAmeO/?igshid=pjfpoua5ga16 にアップしておりますので宜しくお願い致します。
※1人営業しておりますので、混み合った場合御時間を頂くかもしれませんが、何卒御了承頂きますよう宜しくお願い致します。","大阪府豊中市曽根東町2-7-28 ニューライン城山B103","06-7710-1227","2020/04/21"
"yakisopan串カツ部　（串カツ、居酒屋）","串カツ、居酒屋","◆テイクアウト
・鶏カツ弁当(￥750)
・磯辺鶏から弁当(￥700)
・カツエッグベジタブルサンド、ポテト、サラダ付き(￥800）
※GW明けまで容器代、税込金額です。

※電話による注文予約可
※電話での予約を頂ければ出来る限り時間内でお渡しします。
※その他、本日の日替り、串カツ、おかず盛り(夜のみ)など電話及びインスタグラムなどで確認出来ます。","大阪府豊中市南桜塚1-22-7 ルオール曽根105","06-6846-2605","2020/05/03"
"喫茶ピーコック（喫茶店）","喫茶店","◆テイクアウト
・コーヒー　200円
","大阪府豊中市服部元町1-1-6","06-6864-0317","2020/04/06"
"日本茶カフェ＆ショップ 茶ら咲　sa-la-sa","","◆テイクアウト
・たまごサンド、あんバターサンド(各￥680)
・パンのみみプディング(￥330)
・グリーンティー、水出し緑茶(各￥570)
・ほうじ茶ラテ、玄米茶ラテ(各￥620)
・日向夏緑茶、いちご和紅茶(各￥670) 　その他￥550～
※お茶多数ありサンドイッチはお茶とセットで100円引(プディングは50円引)
※価格はすべて税込です

※テイクアウトはスタンプ2倍
※サンドイッチは電話予約がおすすめです
※当面スタッフ1名で対応いたします
※お待たせする場合が多々あると思いますがどうかご容赦くださいませ
※paypay、auPAYご利用可
※詳細は https://ochasalasa.jimdofree.com/ をごらんください","大阪府豊中市服部元町1-7-13","06-7502-5759","2020/04/30"
"キッチンフジヒロサン　（カフェダイニング）","カフェダイニング","◆テイクアウト
・日替わりごはん(￥950）
・日替わりこどもごはん(通常¥750→¥500）
・家呑みBOX(￥1000)
その他ご相談ください
","大阪府豊中市服部西町2-4-8","06-6335-7114","2020/05/08"
"遊食遊膳　笹庵　（和食）","和食","◆テイクアウト（価格は税別）
・唐揚げ弁当(￥680）、お子様弁当(￥680） 他
・天丼(￥980)他　～各種丼
・笹にぎり（握り寿司5貫）(￥980)～各種にぎり
・鍋セット（ご注文は2人前～）1人前￥3180
","大阪府豊中市服部南町1-3-9&nbsp;コーポ服部南　２Ｆ","06-6863-0558","2020/04/06"
"天座（あまくら)　　（中華）","中華","◆テイクアウト
コロナ撲滅キャンペーン価格
・麻婆丼(￥500)
・鶏の唐揚げ 4個(￥500)　6個(￥720)
・五目あん掛け焼そば (￥780)

※箱代別途
※電話による注文予約可
※電話注文していただけたら時間までにお作りしておきますので、お待たせしません。","大阪府豊中市服部本町1-7-7","06-6866-8821","2020/04/07"
"かごの屋服部店　（和食・しゃぶしゃぶ）","和食・しゃぶしゃぶ","◆テイクアウト
・海老天丼(￥700)
・豚フィレカツ丼(￥700)
・うな玉丼(￥1300)

※電話による注文予約可
※コロナウイルスの影響で、営業時間が変更または休業する可能性もございます。","大阪府豊中市服部南町1-7-7","06-6864-1100","2020/04/08"
"南蛮食堂服部天神駅前店　（和食)","和食","◆テイクアウト
・チキン南蛮弁当(￥842)　　ごはん大盛り無料！
・和風鶏から揚げ弁当(￥842)　ごはん大盛り無料！
・本格キーマカレー(￥734)

※電話による注文予約可
※4/10からUber Eats始めました！","大阪府豊中市服部元町1-6-5","06-6865-7575","2020/04/24"
"酒処ひなた　（居酒屋）","居酒屋","◆テイクアウト
・名物　鳥の唐揚げ　5個　(￥600)
・馬刺し各種(￥1000～)
・刺身盛り合わせ松（￥2000)　竹(￥1500)　梅(￥1000)

※電話による注文予約可
※服部であれば500円追加で配達可能","大阪府豊中市服部元町1-3-2 共栄服部天神ビル1階","06-6867-1441","2020/04/10"
"炭火焼肉　牛閣　（焼肉/韓国料理）","焼肉/韓国料理","◆テイクアウト
・ビビンバ (￥780)
・野菜チヂミ(￥780)
・牛肉寿司6巻（￥1280)
※電話による注文予約必須
※デリバリー可
※出前館・Uber Eats対応","大阪府豊中市服部南町3-3-10","06-6866-9929","2020/04/11"
"プルコギ食堂ふくみみ　（韓国料理）","韓国料理","◆テイクアウト
・豆腐チゲスープ(￥842)
・チゲ各種(￥842～1058)
・テッチャン焼鍋セット　2～3人前　￥4276
・チャプチェ(￥842)

※あらかじめご予約ください。
※石焼ビビンパ、お茶漬け、冷麺以外はほとんど対応いたします。","大阪府豊中市服部元町1-9-2 ふくみみビル1階","06-6864-2933","2020/04/11"
"オーガニック スパイスカレーPePeri　（カレー）","カレー","◆テイクアウト
・チキンカレー・五種の豆カレー・辛くないチキンキーマカレー弁当(￥1080)
・カレーライス各種(￥810)

※メニューはスパイスをはじめ、全てオーガニック食材を使用しています。
※小麦粉、乳製品、卵、砂糖は使っていません。アレルギーのある方はお気軽にご相談ください。

※電話による注文予約可
※写真はテイクアウトメニューの一部です。
※容器代、消費税８％込みの料金となります。
※こぼれにくい、レンジ対応の容器を使用しています。
※事前にお電話頂きますと、お待たせすることなくお渡しできます。
※数に限りがありますので(各15食)、売り切れる場合があります事をご了承下さい。
※当面の間、テイクアウトのみの営業とさせて頂きます。","大阪府豊中市服部本町１丁目５－２９ ネオ服部一階","06-6866-0277","2020/04/13"
"海鮮うろこ　（海鮮／創作）","海鮮／創作","◆テイクアウト
・カキフライ弁当みそ汁付き(￥950)
・日替わり煮魚弁当みそ汁付き(￥950)
・日替わりおつまみセット(おかずのみ)(￥1200)

※電話による注文予約可
※事前ご注文は電話かLINE公式アカウントから。
※事前予約注文で、時間をお待たせしません。
※LINE注文は、まずお気軽にお友だち追加を
※その他テイクアウトご要望があればお気軽にお問い合わせください。

▼LINE友だち追加　QRコードは https://lin.ee/ADiLqAx ▼","大阪府豊中市服部西町2-5-27","06-6152-5513","2020/04/13"
"創作和食　たすく　（和食居酒屋）","和食居酒屋","◆テイクアウト
・お昼のお弁当いろいろ(￥500)
※お昼のお弁当販売は5月12日で終了となります！
・名物！塩からあげ(￥550)
・その他一品(￥400～)

※予約必須
※作りおきはしておりませんので、お電話での予約をお願いします！
　お時間までに仕上げておきます","大阪府豊中市城山町1丁目10-18 グリーンハイツ2 1F","06-6862-3755","2020/05/09"
"炭火焼鳥　鶏幸　（焼鳥屋）","焼鳥屋","◆テイクアウト
・昼）チキン南蛮弁当 唐揚げ弁当　(各￥600)
・昼）親子丼(￥500)
・夜）焼鳥1本(￥120～)
※電話による注文予約可ない
※注文を受けてから、調理しますので、時間に余裕を持っての、ご注文いただければ、ありがたいです。","大阪府豊中市服部西町1-2-29","06-6866-8080","2020/04/16"
"肉匠豊乃　（焼肉）","焼肉","◆テイクアウト
・ピビンバ温玉付(￥750)
・A5おおいた和牛焼き肉弁当(￥1480)
・A5おおいた和牛上焼き肉弁当(￥1780)
・A5おおいた和牛サーロイン重ミニキムチ付(￥2680)
・おうちで焼き肉セット(￥3500)、上(￥4500)、特上(￥6500)
　　※ホルモンは厳選牛の場合もございます。
・カルビスープ(￥840)他スープもございます。

※詳しくは&nbsp; https://www.instagram.com/p/B_eCAutAbz3/?hl=ja をご参照ください。
※予約必須
※テイクアウトメニューに限り税込み価格です。
","大阪府豊中市服部豊町 1丁目1-17","06-6863-1129",""
"炭火焼牛タン・ハラミ　祝　（肉料理）","肉料理","◆テイクアウト
・特製牛タン重(￥1200)
・特製ハラミ重(￥1000)
・唐揚げ丼(￥700)　 全て大盛り+￥100

※電話による注文予約可
※デリバリーあり
※出前館、Uber Eatsも対応可

","大阪府豊中市服部南町3-4-1","06-6863-3620","2020/04/15"
"中華上原　　（中華）","中華","　【テイクアウトのみ営業中】
◆テイクアウト
・酢豚弁当、唐揚げ弁当、海老の甘辛炒め弁当、麻婆丼、天津飯(各￥900税込)
・オードブル 3～4名用(￥5000税抜)
・他アラカル���メニュー(￥980～税抜）

※電話による注文予約可
※電話予約がおすすめです。
※16時までの受付。18時までのお渡しでお願い致します。
※オードブルは2日前注文でお願い致します。
※アラカルトメニュー、チラシ配布中です。","大阪府豊中市服部西町2-2-21 服部ビル","06-6864-3413","2020/04/23"
"Chouchou wine stand 服部天神　（ワインスタンド）","ワインスタンド","◆テイクアウト
・パテドカンパーニュ(￥400)
・トリッパのピストゥ(￥400)
・本日のグラタン(￥450)

※電話による注文予約可
","大阪府豊中市服部元町1-9-17","090-6055-3316","2020/04/19"
"天神酒場　木もと　（居酒屋　和食　中華　韓国料理）","居酒屋　和食　中華　韓国料理","◆テイクアウト
・釜揚げしらす丼(￥580)
・ロースカツ丼(￥650)
・親子丼(￥580)　　その他メニュー多数あり

※テイクアウト対応できないメニューありますが、出来る限り対応いたします。
※箱代別途
※電話による注文予約可
※ウーバーイーツ、出前館、順次デリバリー対応予定。
","大阪府豊中市服部西町1-3-3","06-4866-5202","2020/04/19"
"ダイナーズカフェ ALOHA Spirit　（カフェレストラン）","カフェレストラン","◆テイクアウト
・スパム弁当(￥500)
・マヒマヒ白身魚フライ弁当(￥600)
・モチコチキン弁当(￥600)
・スペアリブカレー(￥600)

※電話による注文予約可
","大阪府豊中市服部西町1丁目 2-2-7 1階","06-7165-6054","2020/04/19"
"四季おがさわら　（寿司割烹）","寿司割烹","◆テイクアウト
・1500円弁当（税込）
・3000円弁当（税込）
・アラカルト（自家製湯葉豆腐一カン200円、、、他何種類か用意しています。）

※予約必須
※アラカルトは無くなり次第終了となります。
※普段は水曜日が休みですが、注文があればお受けします。","大阪府豊中市服部豊町1-3-8","06-6862-8899","2020/04/22"
"ごはん処おかだや　（定食食堂）","定食食堂","◆テイクアウト
・お昼の唐揚げ弁当 数種種類 （￥580～)
・日替わりおかだや弁当（￥860)
・ハンバ���グと唐揚げ弁当 他数種 (￥880)

※電話による注文予約可
※前もって電話で、注文頂いたらお待たせしません。
※テイクアウトに対応できないメニューがあります。
※数量限定の為売り切れの場合があります。お早めに。","大阪府豊中市服部豊町1-3-14 グランウエスト","06-6863-6974","2020/04/19"
"北川水産　海風　（海鮮居酒屋)","海鮮居酒屋","◆テイクアウト
・浜焼きセット(￥1800)
・焼き牡蠣500g(￥980)
・サーモンいくら丼(￥980)　　他

※予約必須
※他にもテイクアウトメニュー多数ご用意しております。
※詳細はInstagramかお電話で確認よろしくお願いします。
※ご注文はお電話か、ご来店でお願い致します。
※多数ご注文の際は、早めに、ご予約頂けると助かります。
※ご注文によっては多少お時間を頂く事がございます。","大阪府豊中市服部豊町1-3-6","06-7508-8777","2020/04/20"
"ALBAR服部店　（イタリアン）","イタリアン","◆テイクアウト
・ペペロンチーノ(￥680)
・モッツァレラチーズとトマト(￥896)
・マルゲリータ(￥1030)

※電話による注文予約可
※営業時間は5/6迄のものです。それ以降は変更があるかもしれません。
※テイクアウトに対応出来ないものも御座います。","大阪府豊中市服部豊町1-1-18","06-6687-3000","2020/04/20"
"もつ鍋宝来　（和食、鍋）","和食、鍋","◆テイクアウト
・もつ鍋各種1人前(￥1550)
・お鍋追加具材￥350～￥700)
・お出汁のみのお持ち帰り各種(￥950)

※箱代など
※電話による注文予約可
","大阪府豊中市浜２丁目16-1 鳥山ハイツ101号","06-6334-9678","2020/04/21"
"ヒラオカ食堂　（多国籍料理)","多国籍料理","◆テイクアウト
・ビーフカレー(￥550）
・手作りチーズバーガー(￥500)
・バスクチーズケーキ(￥500)&nbsp;

※電話による注文予約可
","大阪府豊中市服部西町2-4-4","080-3783-4900","2020/05/09"
"M's珈琲（エムズコーヒー）　　（カフェ）","カフェ","◆テイクアウト
・手焼きホットケーキ(2枚￥430)（1枚320円）
・ハーブ���のエムズハウス���ンド (￥540)
・Ｗハムと野菜のジューシーサンド(￥540)

※電話による注文予約可
※ 付け合わせサラダはお持ち帰りできません。
※ お飲み物は、容器ご持参の方のみ、提供させていただきます。
","大阪府豊中市服部豊町1-2-6 サンライフ服部 104","06-6865-4080","2020/04/22"
"うどん屋 山善　（うどん）","うどん","◆テイクアウト
・とりから弁当（￥700）
・ヒレカツ弁当（￥700）
・とりからヒレカツ弁当（￥950）

※電話による注文予約可
※他にも多数持ち帰りメニューあります。お問い合わせください。","大阪府豊中市服部本町 1-6-7 ミツヒサビル 一階","06-6864-0770","2020/05/02"
"ラヴィアミュゾン　（洋食）","洋食","◆テイクアウト
・自家製ハンバーガー(￥780)
・びすとろオムライス￥780)
・オードブル盛り合わせ(￥1800)

※電話による注文予約可
※出前館対応予定（現在申請中)
※作り置きはしておりませんので、なるべくお電話でのご注文お願いします。
※詳しい内容はホームページをご覧下さい。","大阪府豊中市服部西町2丁目4-8","06-6152-5445","2020/05/05"
"かしわ舎服部店　（焼き鳥）","焼き鳥","◆テイクアウト
・名物炭火炙り焼き(￥410)
・名物きゅうり漬け(￥410)
・名物チキン南蛮(￥519)
※テイクアウトメニュー詳しくは下のメニューより

※電話による注文予約可
※刺身類はテイクアウト出来ません。
※出来るだけお電話下さい。
※混み具合、仕入れ状況によりお断りする場合があります。
※割り引きクーポンは使用出来ません。","大阪府豊中市服部豊町1-2-6 サンライフ服部103","06-6867-0750","2020/05/03"
"手づくり居酒屋くし正　(居酒屋）","居酒屋","◆テイクアウト　　＊税別価格＊容器代含む
・合鴨ロース(600円)、・各種サラダ(500円～）
・各種から揚げ(400円～)、・ミンチカツ(600円)、
・海鮮丼(1000円)、・海鮮太��き(1000円)　等
","大阪府豊中市庄内西町3-4-25　2階","06-6336-3288","2020/04/06"
"丸十寿司　和鮮　(寿司）","寿司","◆テイクアウト
・中にぎり(￥1320)
・上にぎり(￥2189）
・おまかせ造り盛り合わせ(1～2人前)（￥1738)","大阪府豊中市庄内西町2-22-38&nbsp;","06-6333-4947","2020/04/12"
"カリトロ庄内店　（たこ焼き）","たこ焼き","◆テイクアウト
・たこ焼き6個(￥390)
・唐揚げ3個(￥240)
・唐揚げ丼(￥500)
","大阪府豊中市庄内東町1-7-22","06-6333-1227","2020/04/06"
"炭火焼鳥  松家　（焼き鳥）","焼き鳥","◆テイクアウトメニュー
・鶏南蛮フライ １枚(￥500)、２枚(￥780)
・せせりバラ焼き(￥580）
・焼鳥各種(￥130～）※１本からご注文可能","大阪府豊中市庄内東町2-4-8","06-6333-7994","2020/04/07"
"ごがつなのか　（和食）","和食","◆テイクアウト
2日前のご予約にてお弁当をお作り致します。
価格は1人3000円から上限無く対応致します。
お写真のお料理で2人前で6000円です。
ご飯物の有る無しをお伝え下さい。
ご注文お待ちしております。
","大阪府豊中市庄内西町2-23-41","06-6335-5735","2020/05/02"
"スパイス食堂ナムナム　（カレー／バル）","カレー／バル","◆テイクアウト
・単品カレー(￥900～）
・あいがけカレー(￥1000～
・おまかせおつまみ盛り(￥880)

※電話による注文予約可
※ディナーのテイクアウトは21時ラストオーダー。
※お届け可
※テイクアウトメニュー、日替わりのカレーの内容はInstagram、Facebook、Twitterに随時掲載しておりますのでぜひご覧ください。
※ダイレクトメッセージからもご注文承ります。
","大阪府豊中市庄内東町1-9-17","06-6331-5577","2020/04/08"
"カレー屋　グランドセントラル　（カレー屋）","カレー屋","◆テイクアウト
・欧風カレー(￥650)
・スパイスカレー(￥650)

※予約不可
※容器持参で箱代（￥50）値引き","大阪府豊中市庄内幸町3-3-39","090-6548-8061","2020/04/09"
"ヒカリ珈琲　（駄菓子カフェ＆バー）","駄菓子カフェ＆バー","◆テイクアウト
・ポテトフライ 大(￥350)
・あげタコ焼き 10個(￥300)
・ハーフカットピザ(￥250)

※電話による注文予約可

","大阪府豊中市三和町1-3-15","06-7506-9209","2020/04/11"
"手打さぬきうどん　えん　（和食）","和食","◆テイクアウト
・お弁当（並）(￥500)
・カレーうどん(￥700)
・肉うどん(￥750)

※電話による注文予約可
※出前館対応可
※お届けもできます。
※オードブルなども対応しています。お気軽にお問い合わせ下さい^ - ^","大阪府豊中市庄内西町3-16-7 ヴィラベルデ1Ｆ","06-6333-2626","2020/04/12"
"めっちゃおいしいカレー屋さん　BOSS　（カレー専門店)","カレー専門店","◆テイクアウト
・BOSSカレー(￥580)
・ロースカツカレー(￥940)
・1日分の野菜を食べるカレー(￥980)
※電話による注文予約可
※石焼きカレーは、テイクアウトできません。

","大阪府豊中市庄内東町2-1-23 誠宏ビル","06-6332-9550","2020/04/13"
"旨めし鉄板　大知　（鉄板焼き　お好み焼き　焼きそば）","鉄板焼き　お好み焼き　焼きそば","◆テイクアウト
・ブタ玉(￥648)
・ブタそば（￥648)
・ミックス玉(￥810)

※予約必須
※ただいまコロナの影響で19時ラストオーダー20時閉店になっております。","大阪府豊中市庄内西町2丁目24-8","06-6151-3988","2020/04/15"
"うどん　そば　かがみや","","◆テイクアウトメニュー
・玉子丼(￥500税込)
・他丼物（オール￥650税込)　他　一品ものテイクアウトできます。

※電話による注文予約可
※Uber Eats対応可
※ウーバーは登録したばかりなので　まだ少し時間がかかります。","大阪府豊中市庄内西町　3-1-5 サンパティオ　4F","06-6331-9805","2020/04/29"
"ごはんや ぐぅ　（洋食/カフェ）","洋食/カフェ","◆テイクアウト
・スペシャルランチ(￥1,000）
・ハンバーグランチ（￥880)
・ミックスランチ(￥800)

※電話による注文予約可
※クーポンのご利用で100円引き！！
※ごはん無しの御注文100円引き！","大阪府豊中市庄内幸町2-15-13","06-6335-7250","2020/04/15"
"たぬきや　　（焼き鳥屋）","焼き鳥屋","◆テイクアウト
・焼き鳥各種￥140~
・鳥の唐揚げ￥500
・親子丼￥680　他

※箱代別途
※電話による注文予約可
※ご予約していただくとスムーズにお渡しできます。
※営業時間など変更あり。まずはお電話下さい！","大阪府豊中市庄内西町2-22-34","06-6335-3125","2020/04/22"
"カリッジュ　豊中庄内店　（から揚げ）","から揚げ","◆テイクアウト
・骨なしからあげ　5個入り（￥430)　3個入り(￥260)
・からあげ弁当(￥500～)

※電話による注文予約可
※出前館、Uber Eats対応可
","大阪府豊中市庄内西町3-1-5 サンパティオ1F","06-6332-2810","2020/04/18"
"ワインバル  KAIKA　（ワインバル）","ワインバル","◆テイクアウト
・お野菜沢山のチキンスープカレー(￥600)
・お野菜沢山のハンバーグスープカレー(￥700)
・ターメリックライス(￥100)
・(不定期で)豚スネ肉のデミシチュー(￥880)

※電話による注文予約可
","大阪府豊中市庄内西町 2-2114","06-6332-1649","2020/04/20"
"蔵の坊　（和食）","和食","◆テイクアウト
・日替わり弁当（￥750)　限定20個

※お弁当おひとつからでも喜んでお作り致します。
※お客様の飽きがこないようなメニュー作りを心掛けています。

※予約必須
※電話による注文をお受けしてからお作りいたしますので早めのご予約をお願いいたします。
※前日にご予約をいただけたらスムーズにお渡しが出来ます。
※前日又は当日は10時までにご予約いただけると助かります。
","大阪府豊中市庄内東町4-12-15 太洋マンション102","080-6320-8514","2020/04/19"
"チャイニーズダイナー 翔龍（シャンロン）","シャンロン","◆テイクアウト
・翔龍弁当（日替わり）(¥500)
・天津飯(¥500)
・麻婆丼(¥500)

※電話による注文予約可
※前もって予約いただけるとお待たせ致しません
※その他のメニューも受け付けてます。よろしくお願いいたします。","大阪府豊中市庄内西町2-6-1","050-5366-1678","2020/04/21"
"鯖や　（鯖寿司）","鯖寿司","◆テイクアウト
・とろ鯖大名巻(￥864)
・ハーフ＆ハーフ（松前風とろ鯖寿司と焼さば寿司のセット）(￥1188
・とろ鯖棒寿司(￥2057)

※電話による注文予約可
※売り切れの際はご容赦くださいませ。","大阪府豊中市庄内東町1-10-1","06-6335-5282","2020/04/19"
"ル・クロワッサン庄内店　（ベーカリー)","ベーカリー","◆テイクアウト
・ルクロのプチクロ(￥40)
・カリカリ塩パン(￥129)
・たっぷり明太スティック(￥172)　ほか

※予約不可
※５月以降出前館での配達予定","大阪府豊中市庄内西町2-22-8","06-6332-1488","2020/04/21"
"本格炭火焼やきとり　鳥屋　（やきとり屋）","やきとり屋","◆テイクアウト
・ねぎま(￥308)
・ツクネ(￥303)
・鳥丼（￥505)　ほか

※箱代別途
※予約必須
※テイクアウトに対応出来ないメニューがあります。","大阪府豊中市豊南町西3-20-22-101 豊中シエラハウス","06-6332-1398","2020/04/23"
"ここや食堂　（和食　洋食　鉄板焼）","和食　洋食　鉄板焼","◆テイクアウト
・とん平焼き(￥550)
・もも焼き(￥650)
・焼そば(￥500)

※電話による注文予約可
※定食もテイクアウトOK！(お味噌汁、お吸い物は容器を持参してくださいね。)
※GW5月3日～5月7日はお休みします。
※paypay 利用可
※クレジット利用不可","大阪府豊中市庄内西町 3-5-10","06-6333-1321","2020/04/27"
"金比羅製麺　豊中大黒店　（和食）","和食","◆テイクアウト
・きつねうどん(￥410)
・とろ玉うどん(￥453)
・ぶっかけうどん(￥302)

※電話による注文予約可
","大阪府豊中市大黒町1-20-1","06-6336-6600","2020/04/26"
"〈中華食堂〉ナガサキの鐘","","◆テイクアウト
・長崎ちゃんぽん(￥610)
・自家製ぎょうざ(￥250)
・若鶏のカラアゲ(￥610)

※電話による注文予約可
","大阪府豊中市小曽根4-2-8","06-6334-7961","2020/04/28"
"ビストロアンフィニ　（洋食）","洋食","◆テイクアウト
・自家製ベーコンのペペロンチーノ(￥1150→￥920)
・マルゲリータピッツァ(￥1250→￥1000)
・ポルチーニ茸とキノコのクリームリゾット(￥1400→￥1120)

※予約が必須
※テイクアウトのメニューは現在、全て20%引きです。","大阪府豊中市庄内東町１－７－２７ イーグルビル２階","06-6335-1052","2020/05/02"
"めしや食堂（豊中名神口店）　（和食）","和食","◆テイクアウト　※税抜
・さば＆唐揚げ弁当(￥550)
・タルタルキチン南蛮弁当(￥550)
・デミグラスハンバーグ＆チキンカツ弁当(￥550)

※電話による注文予約可
","大阪府豊中市名神口１丁目２番６号","06-6866-7511","2020/05/02"
"キッチンはる　（焼鳥）","焼鳥","◆テイクアウト
・焼鳥各種
・炭火もも焼き（鶏　￥1000）（鴨　￥1800）
・おでん各種

※電話による注文予約可
※日替わりのお持ち帰りメニューもあります。お電話でお問い合わせください","大阪府豊中市三国1-11-5","06-7503-8040","2020/04/25"